{
  "a": 0.0023126780877633104,
  "b": 0,
  "c": 1.3622618022033282,
  "p": 432.39913297537345,
  "q": -589.0408221581888,
  "r": 0.0,
  "text": "log(N)\u00b2 = 432.40 * RMSD + -589.04\nRMSD = 2.312678e-03 * log(N)\u00b2 + 1.362"
}
