{
  "a": 0.0027104921650694183,
  "b": 0,
  "c": 1.1605581141651222,
  "p": 368.9366871770275,
  "q": -428.17246591649865,
  "r": 0.0,
  "text": "log(N)\u00b2 = 368.94 * RMSD + -428.17\nRMSD = 2.710492e-03 * log(N)\u00b2 + 1.161"
}
