{
  "a": 0.0014886791065372718,
  "b": 0,
  "c": 1.253702851690588,
  "p": 671.736437764644,
  "q": -842.1578876100114,
  "r": 0.0,
  "text": "log(N)\u00b2 = 671.74 * RMSD + -842.16\nRMSD = 1.488679e-03 * log(N)\u00b2 + 1.254"
}
