{
  "a": 0.0011952035070706755,
  "b": 0,
  "c": 1.062471840716916,
  "p": 836.6775984877255,
  "q": -888.9463881518625,
  "r": 0.0,
  "text": "log(N)\u00b2 = 836.68 * RMSD + -888.95\nRMSD = 1.195204e-03 * log(N)\u00b2 + 1.062"
}
