{
  "a": 0.0031245325528383174,
  "b": 0,
  "c": 1.2064145215934987,
  "p": 320.0478737504599,
  "q": -386.11040249767757,
  "r": 0.0,
  "text": "log(N)\u00b2 = 320.05 * RMSD + -386.11\nRMSD = 3.124533e-03 * log(N)\u00b2 + 1.206"
}
