{
  "a": 0.0027321181570126463,
  "b": 0,
  "c": 1.2426385200260446,
  "p": 366.01638089233313,
  "q": -454.82605385733785,
  "r": 0.0,
  "text": "log(N)\u00b2 = 366.02 * RMSD + -454.83\nRMSD = 2.732118e-03 * log(N)\u00b2 + 1.243"
}
