{
  "a": 0.0011115355140160993,
  "b": 0,
  "c": 1.098113111881321,
  "p": 899.6563649027197,
  "q": -987.9244504871627,
  "r": 0.0,
  "text": "log(N)\u00b2 = 899.66 * RMSD + -987.92\nRMSD = 1.111536e-03 * log(N)\u00b2 + 1.098"
}
