{
  "a": 0.0027103654566482597,
  "b": 0,
  "c": 1.3190959385507788,
  "p": 368.95393480871684,
  "q": -486.68563691850716,
  "r": 0.0,
  "text": "log(N)\u00b2 = 368.95 * RMSD + -486.69\nRMSD = 2.710365e-03 * log(N)\u00b2 + 1.319"
}
