{
  "a": 0.001630066243889784,
  "b": 0,
  "c": 1.008720132500899,
  "p": 613.4720007536175,
  "q": -618.8215578857806,
  "r": 0.0,
  "text": "log(N)\u00b2 = 613.47 * RMSD + -618.82\nRMSD = 1.630066e-03 * log(N)\u00b2 + 1.009"
}
