{
  "a": 0.0011030290956609314,
  "b": 0,
  "c": 1.220152846509572,
  "p": 906.5943989453907,
  "q": -1106.183736502853,
  "r": 0.0,
  "text": "log(N)\u00b2 = 906.59 * RMSD + -1106.18\nRMSD = 1.103029e-03 * log(N)\u00b2 + 1.220"
}
