{
  "a": 0.001135076352896149,
  "b": 0,
  "c": 1.2673974217757484,
  "p": 880.9980028642995,
  "q": -1116.5745974197966,
  "r": 0.0,
  "text": "log(N)\u00b2 = 881.00 * RMSD + -1116.57\nRMSD = 1.135076e-03 * log(N)\u00b2 + 1.267"
}
