{
  "a": 0.0015335419320649272,
  "b": 0,
  "c": 1.1928998151994794,
  "p": 652.085201643943,
  "q": -777.8723165353749,
  "r": 0.0,
  "text": "log(N)\u00b2 = 652.09 * RMSD + -777.87\nRMSD = 1.533542e-03 * log(N)\u00b2 + 1.193"
}
