{
  "a": 0.0011471373710219884,
  "b": 0,
  "c": 1.068371515003046,
  "p": 871.7351777225223,
  "q": -931.3370325048605,
  "r": 0.0,
  "text": "log(N)\u00b2 = 871.74 * RMSD + -931.34\nRMSD = 1.147137e-03 * log(N)\u00b2 + 1.068"
}
