{
  "a": 0.0010850501461756353,
  "b": 0,
  "c": 1.080287368392829,
  "p": 921.6163912097493,
  "q": -995.610545927676,
  "r": 0.0,
  "text": "log(N)\u00b2 = 921.62 * RMSD + -995.61\nRMSD = 1.085050e-03 * log(N)\u00b2 + 1.080"
}
