{
  "a": 0.001112420331389264,
  "b": 0,
  "c": 1.0779090401073006,
  "p": 898.9407796521788,
  "q": -968.9763929081885,
  "r": 0.0,
  "text": "log(N)\u00b2 = 898.94 * RMSD + -968.98\nRMSD = 1.112420e-03 * log(N)\u00b2 + 1.078"
}
