{
  "a": 0.002754544141544727,
  "b": 0,
  "c": 1.1951068545670818,
  "p": 363.0364766778461,
  "q": -433.8673817355764,
  "r": 0.0,
  "text": "log(N)\u00b2 = 363.04 * RMSD + -433.87\nRMSD = 2.754544e-03 * log(N)\u00b2 + 1.195"
}
