{
  "a": 0.0038969082544326535,
  "b": 0,
  "c": 1.0805847122260877,
  "p": 256.61368826492657,
  "q": -277.2928284870306,
  "r": 0.0,
  "text": "log(N)\u00b2 = 256.61 * RMSD + -277.29\nRMSD = 3.896908e-03 * log(N)\u00b2 + 1.081"
}
