{
  "a": 0.0010227589199568981,
  "b": 0,
  "c": 1.2985293660784398,
  "p": 977.7475223996508,
  "q": -1269.6338704463838,
  "r": 0.0,
  "text": "log(N)\u00b2 = 977.75 * RMSD + -1269.63\nRMSD = 1.022759e-03 * log(N)\u00b2 + 1.299"
}
