{
  "a": 0.0026543546323035184,
  "b": 0,
  "c": 1.1100724124266277,
  "p": 376.7394107139986,
  "q": -418.20802650747453,
  "r": 0.0,
  "text": "log(N)\u00b2 = 376.74 * RMSD + -418.21\nRMSD = 2.654355e-03 * log(N)\u00b2 + 1.110"
}
