{
  "a": 0.0009598882035794935,
  "b": 0,
  "c": 1.3492154563739875,
  "p": 1041.7879876749466,
  "q": -1405.5964552357912,
  "r": 0.0,
  "text": "log(N)\u00b2 = 1041.79 * RMSD + -1405.60\nRMSD = 9.598882e-04 * log(N)\u00b2 + 1.349"
}
