{
  "a": 0.0011405302879633702,
  "b": 0,
  "c": 1.1503297949917788,
  "p": 876.7851328049225,
  "q": -1008.5920620713258,
  "r": 0.0,
  "text": "log(N)\u00b2 = 876.79 * RMSD + -1008.59\nRMSD = 1.140530e-03 * log(N)\u00b2 + 1.150"
}
