{
  "a": 0.002877904701279758,
  "b": 0,
  "c": 1.0333646042829154,
  "p": 347.475022211582,
  "q": -359.0683888258687,
  "r": 0.0,
  "text": "log(N)\u00b2 = 347.48 * RMSD + -359.07\nRMSD = 2.877905e-03 * log(N)\u00b2 + 1.033"
}
