{
  "a": 0.002630522281604667,
  "b": 0,
  "c": 1.156860220784523,
  "p": 380.15264382781874,
  "q": -439.7834714704706,
  "r": 0.0,
  "text": "log(N)\u00b2 = 380.15 * RMSD + -439.78\nRMSD = 2.630522e-03 * log(N)\u00b2 + 1.157"
}
