{
  "a": 0.0010706001425226472,
  "b": 0,
  "c": 1.34724365928948,
  "p": 934.0555453726238,
  "q": -1258.4004109274447,
  "r": 0.0,
  "text": "log(N)\u00b2 = 934.06 * RMSD + -1258.40\nRMSD = 1.070600e-03 * log(N)\u00b2 + 1.347"
}
