{
  "a": 0.0011476529870552794,
  "b": 0,
  "c": 1.0995350629348906,
  "p": 871.3435256818032,
  "q": -958.0727583484507,
  "r": 0.0,
  "text": "log(N)\u00b2 = 871.34 * RMSD + -958.07\nRMSD = 1.147653e-03 * log(N)\u00b2 + 1.100"
}
