{
  "a": 0.0010596649690959648,
  "b": 0,
  "c": 1.1422273584884781,
  "p": 943.6944970004369,
  "q": -1077.913672528922,
  "r": 0.0,
  "text": "log(N)\u00b2 = 943.69 * RMSD + -1077.91\nRMSD = 1.059665e-03 * log(N)\u00b2 + 1.142"
}
