{
  "a": 0.002401803418297033,
  "b": 0,
  "c": 1.2663280968769672,
  "p": 416.35380830169555,
  "q": -527.2405256941638,
  "r": 0.0,
  "text": "log(N)\u00b2 = 416.35 * RMSD + -527.24\nRMSD = 2.401803e-03 * log(N)\u00b2 + 1.266"
}
