{
  "a": 0.0026206159750151426,
  "b": 0,
  "c": 1.1571572193961757,
  "p": 381.5896756846343,
  "q": -441.5592480655199,
  "r": 0.0,
  "text": "log(N)\u00b2 = 381.59 * RMSD + -441.56\nRMSD = 2.620616e-03 * log(N)\u00b2 + 1.157"
}
