{
  "a": 0.001041384502295377,
  "b": 0,
  "c": 1.283058198402835,
  "p": 960.2601131434557,
  "q": -1232.0696107679448,
  "r": 0.0,
  "text": "log(N)\u00b2 = 960.26 * RMSD + -1232.07\nRMSD = 1.041385e-03 * log(N)\u00b2 + 1.283"
}
