{
  "a": 0.0026957389643872394,
  "b": 0,
  "c": 1.0750155679810902,
  "p": 370.95579846964415,
  "q": -398.7832583877233,
  "r": 0.0,
  "text": "log(N)\u00b2 = 370.96 * RMSD + -398.78\nRMSD = 2.695739e-03 * log(N)\u00b2 + 1.075"
}
