{
  "a": 0.0028304276082639136,
  "b": 0,
  "c": 1.0478800519134377,
  "p": 353.30350689073634,
  "q": -370.2196971418644,
  "r": 0.0,
  "text": "log(N)\u00b2 = 353.30 * RMSD + -370.22\nRMSD = 2.830428e-03 * log(N)\u00b2 + 1.048"
}
