{
  "a": 0.002626450930858224,
  "b": 0,
  "c": 1.26979724250378,
  "p": 380.741931345825,
  "q": -483.4650545284921,
  "r": 0.0,
  "text": "log(N)\u00b2 = 380.74 * RMSD + -483.47\nRMSD = 2.626451e-03 * log(N)\u00b2 + 1.270"
}
