{
  "a": 0.002841156761709265,
  "b": 0,
  "c": 1.2489434654453102,
  "p": 351.9693152722735,
  "q": -439.58977634656617,
  "r": 0.0,
  "text": "log(N)\u00b2 = 351.97 * RMSD + -439.59\nRMSD = 2.841157e-03 * log(N)\u00b2 + 1.249"
}
