{
  "a": 0.0010949320572987257,
  "b": 0,
  "c": 1.1175433658639506,
  "p": 913.2986776065999,
  "q": -1020.6508782115748,
  "r": 0.0,
  "text": "log(N)\u00b2 = 913.30 * RMSD + -1020.65\nRMSD = 1.094932e-03 * log(N)\u00b2 + 1.118"
}
