{
  "a": 0.0028247382433767318,
  "b": 0,
  "c": 1.1253691697836663,
  "p": 354.01510293732065,
  "q": -398.39768248345166,
  "r": 0.0,
  "text": "log(N)\u00b2 = 354.02 * RMSD + -398.40\nRMSD = 2.824738e-03 * log(N)\u00b2 + 1.125"
}
