{
  "a": 0.0024599972952645812,
  "b": 0,
  "c": 1.24321374906893,
  "p": 406.50451198664695,
  "q": -505.3719983603551,
  "r": 0.0,
  "text": "log(N)\u00b2 = 406.50 * RMSD + -505.37\nRMSD = 2.459997e-03 * log(N)\u00b2 + 1.243"
}
