{
  "a": 0.001455000390476344,
  "b": 0,
  "c": 1.1485601784688615,
  "p": 687.2850389219592,
  "q": -789.3882269631839,
  "r": 0.0,
  "text": "log(N)\u00b2 = 687.29 * RMSD + -789.39\nRMSD = 1.455000e-03 * log(N)\u00b2 + 1.149"
}
