{
  "a": 0.0035732998976138464,
  "b": 0,
  "c": 1.1273129259855375,
  "p": 279.85336485968423,
  "q": -315.4823155868688,
  "r": 0.0,
  "text": "log(N)\u00b2 = 279.85 * RMSD + -315.48\nRMSD = 3.573300e-03 * log(N)\u00b2 + 1.127"
}
