{
  "a": 0.0016122295390695012,
  "b": 0,
  "c": 1.0689980097717329,
  "p": 620.2590733929551,
  "q": -663.0557149999283,
  "r": 0.0,
  "text": "log(N)\u00b2 = 620.26 * RMSD + -663.06\nRMSD = 1.612230e-03 * log(N)\u00b2 + 1.069"
}
