{
  "a": 0.0011024008738794843,
  "b": 0,
  "c": 1.2220620388285957,
  "p": 907.1110370956774,
  "q": -1108.5459634370654,
  "r": 0.0,
  "text": "log(N)\u00b2 = 907.11 * RMSD + -1108.55\nRMSD = 1.102401e-03 * log(N)\u00b2 + 1.222"
}
