{
  "a": 0.0026483875702424144,
  "b": 0,
  "c": 1.1510364847549095,
  "p": 377.58823943901353,
  "q": -434.6178398086772,
  "r": 0.0,
  "text": "log(N)\u00b2 = 377.59 * RMSD + -434.62\nRMSD = 2.648388e-03 * log(N)\u00b2 + 1.151"
}
