{
  "a": 0.0027534909545712293,
  "b": 0,
  "c": 1.0625415986267455,
  "p": 363.175335055974,
  "q": -385.88890109217857,
  "r": 0.0,
  "text": "log(N)\u00b2 = 363.18 * RMSD + -385.89\nRMSD = 2.753491e-03 * log(N)\u00b2 + 1.063"
}
