{
  "a": 0.0033055169102378153,
  "b": 0,
  "c": 1.1455774934348657,
  "p": 302.52454522401916,
  "q": -346.5653102202545,
  "r": 0.0,
  "text": "log(N)\u00b2 = 302.52 * RMSD + -346.57\nRMSD = 3.305517e-03 * log(N)\u00b2 + 1.146"
}
