{
  "a": 0.0022193547974408596,
  "b": 0,
  "c": 1.3667354340594216,
  "p": 450.5814037273811,
  "q": -615.8255704024456,
  "r": 0.0,
  "text": "log(N)\u00b2 = 450.58 * RMSD + -615.83\nRMSD = 2.219355e-03 * log(N)\u00b2 + 1.367"
}
