{
  "a": 0.0027973410662011583,
  "b": 0,
  "c": 1.234104884996722,
  "p": 357.4823292313149,
  "q": -441.17068880437216,
  "r": 0.0,
  "text": "log(N)\u00b2 = 357.48 * RMSD + -441.17\nRMSD = 2.797341e-03 * log(N)\u00b2 + 1.234"
}
