{
  "a": 0.0011465659871546811,
  "b": 0,
  "c": 1.3146796158081975,
  "p": 872.1696014039285,
  "q": -1146.6235964933055,
  "r": 0.0,
  "text": "log(N)\u00b2 = 872.17 * RMSD + -1146.62\nRMSD = 1.146566e-03 * log(N)\u00b2 + 1.315"
}
