{
  "a": 0.0028372112193177034,
  "b": 0,
  "c": 1.1970847241029348,
  "p": 352.45877825073643,
  "q": -421.9230193199403,
  "r": 0.0,
  "text": "log(N)\u00b2 = 352.46 * RMSD + -421.92\nRMSD = 2.837211e-03 * log(N)\u00b2 + 1.197"
}
