{
  "a": 0.000993738537918135,
  "b": 0,
  "c": 1.2860610273099455,
  "p": 1006.3009150223585,
  "q": -1294.1643885565927,
  "r": 0.0,
  "text": "log(N)\u00b2 = 1006.30 * RMSD + -1294.16\nRMSD = 9.937385e-04 * log(N)\u00b2 + 1.286"
}
