{
  "a": 0.0030248974757470667,
  "b": 0,
  "c": 1.115650803721582,
  "p": 330.58971684751975,
  "q": -368.8226833030256,
  "r": 0.0,
  "text": "log(N)\u00b2 = 330.59 * RMSD + -368.82\nRMSD = 3.024897e-03 * log(N)\u00b2 + 1.116"
}
