{
  "a": 0.0010386382950562114,
  "b": 0,
  "c": 1.2665009497873196,
  "p": 962.79908487861,
  "q": -1219.3859554531218,
  "r": 0.0,
  "text": "log(N)\u00b2 = 962.80 * RMSD + -1219.39\nRMSD = 1.038638e-03 * log(N)\u00b2 + 1.267"
}
