{
  "a": 0.0025125495325902664,
  "b": 0,
  "c": 1.3980159385962905,
  "p": 398.00210385069244,
  "q": -556.4132847781241,
  "r": 0.0,
  "text": "log(N)\u00b2 = 398.00 * RMSD + -556.41\nRMSD = 2.512550e-03 * log(N)\u00b2 + 1.398"
}
