{
  "a": 0.00112148665963663,
  "b": 0,
  "c": 1.2535398123647306,
  "p": 891.6735579574415,
  "q": -1117.748304532563,
  "r": 0.0,
  "text": "log(N)\u00b2 = 891.67 * RMSD + -1117.75\nRMSD = 1.121487e-03 * log(N)\u00b2 + 1.254"
}
