{
  "a": 0.001418221104089484,
  "b": 0,
  "c": 1.1130935763610799,
  "p": 705.1086724887039,
  "q": -784.8519339836648,
  "r": 0.0,
  "text": "log(N)\u00b2 = 705.11 * RMSD + -784.85\nRMSD = 1.418221e-03 * log(N)\u00b2 + 1.113"
}
