{
  "a": 0.0027500725366390506,
  "b": 0,
  "c": 1.135184084079774,
  "p": 363.62677226766215,
  "q": -412.7833244235506,
  "r": 0.0,
  "text": "log(N)\u00b2 = 363.63 * RMSD + -412.78\nRMSD = 2.750073e-03 * log(N)\u00b2 + 1.135"
}
