{
  "a": 0.0010687783363143813,
  "b": 0,
  "c": 1.3552560045061393,
  "p": 935.6477073145406,
  "q": -1268.042173440434,
  "r": 0.0,
  "text": "log(N)\u00b2 = 935.65 * RMSD + -1268.04\nRMSD = 1.068778e-03 * log(N)\u00b2 + 1.355"
}
