{
  "a": 0.0025285032066492985,
  "b": 0,
  "c": 1.182300060772175,
  "p": 395.4908964996615,
  "q": -467.58891096639184,
  "r": 0.0,
  "text": "log(N)\u00b2 = 395.49 * RMSD + -467.59\nRMSD = 2.528503e-03 * log(N)\u00b2 + 1.182"
}
