{
  "a": 0.0028086245870152684,
  "b": 0,
  "c": 1.1976302882191683,
  "p": 356.0461603245816,
  "q": -426.41166560885677,
  "r": 0.0,
  "text": "log(N)\u00b2 = 356.05 * RMSD + -426.41\nRMSD = 2.808625e-03 * log(N)\u00b2 + 1.198"
}
