{
  "a": 0.001119595271077227,
  "b": 0,
  "c": 1.2729902640642872,
  "p": 893.1799069121134,
  "q": -1137.0093255569666,
  "r": 0.0,
  "text": "log(N)\u00b2 = 893.18 * RMSD + -1137.01\nRMSD = 1.119595e-03 * log(N)\u00b2 + 1.273"
}
