{
  "a": 0.002580385722884102,
  "b": 0,
  "c": 1.2825403334759817,
  "p": 387.5389602149473,
  "q": -497.0343472690137,
  "r": 0.0,
  "text": "log(N)\u00b2 = 387.54 * RMSD + -497.03\nRMSD = 2.580386e-03 * log(N)\u00b2 + 1.283"
}
