{
  "a": 0.0014634681448182831,
  "b": 0,
  "c": 1.1612049013432928,
  "p": 683.3083477359656,
  "q": -793.4610025197904,
  "r": 0.0,
  "text": "log(N)\u00b2 = 683.31 * RMSD + -793.46\nRMSD = 1.463468e-03 * log(N)\u00b2 + 1.161"
}
