{
  "a": 0.0027438327355411916,
  "b": 0,
  "c": 1.2261701257119868,
  "p": 364.4537026790595,
  "q": -446.88224243018146,
  "r": 0.0,
  "text": "log(N)\u00b2 = 364.45 * RMSD + -446.88\nRMSD = 2.743833e-03 * log(N)\u00b2 + 1.226"
}
