{
  "a": 0.0009839514854379553,
  "b": 0,
  "c": 1.2335283001259723,
  "p": 1016.310270170385,
  "q": -1253.6474799638424,
  "r": 0.0,
  "text": "log(N)\u00b2 = 1016.31 * RMSD + -1253.65\nRMSD = 9.839515e-04 * log(N)\u00b2 + 1.234"
}
