{
  "a": 0.0011058046635908125,
  "b": 0,
  "c": 1.0863716131865555,
  "p": 904.3188484598724,
  "q": -982.4263262363598,
  "r": 0.0,
  "text": "log(N)\u00b2 = 904.32 * RMSD + -982.43\nRMSD = 1.105805e-03 * log(N)\u00b2 + 1.086"
}
