{
  "a": 0.002701182694552084,
  "b": 0,
  "c": 1.1670042086822425,
  "p": 370.208206211621,
  "q": -432.0345347376652,
  "r": 0.0,
  "text": "log(N)\u00b2 = 370.21 * RMSD + -432.03\nRMSD = 2.701183e-03 * log(N)\u00b2 + 1.167"
}
