{
  "a": 0.0029452606883926227,
  "b": 0,
  "c": 1.083840311369136,
  "p": 339.5285191361959,
  "q": -367.99469589927617,
  "r": 0.0,
  "text": "log(N)\u00b2 = 339.53 * RMSD + -367.99\nRMSD = 2.945261e-03 * log(N)\u00b2 + 1.084"
}
