{
  "a": 0.00322921207199307,
  "b": 0,
  "c": 1.1560046220074471,
  "p": 309.6730650405379,
  "q": -357.9834944980746,
  "r": 0.0,
  "text": "log(N)\u00b2 = 309.67 * RMSD + -357.98\nRMSD = 3.229212e-03 * log(N)\u00b2 + 1.156"
}
