{
  "a": 0.002996211321751634,
  "b": 0,
  "c": 1.0573080507900894,
  "p": 333.7548298880947,
  "q": -352.88166863075935,
  "r": 0.0,
  "text": "log(N)\u00b2 = 333.75 * RMSD + -352.88\nRMSD = 2.996211e-03 * log(N)\u00b2 + 1.057"
}
