{
  "a": 0.003196879625909446,
  "b": 0,
  "c": 1.1912913989688314,
  "p": 312.80502146386596,
  "q": -372.6419316241642,
  "r": 0.0,
  "text": "log(N)\u00b2 = 312.81 * RMSD + -372.64\nRMSD = 3.196880e-03 * log(N)\u00b2 + 1.191"
}
