{
  "a": 0.002923126943774837,
  "b": 0,
  "c": 1.1909315174131097,
  "p": 342.09940903511716,
  "q": -407.4169683083202,
  "r": 0.0,
  "text": "log(N)\u00b2 = 342.10 * RMSD + -407.42\nRMSD = 2.923127e-03 * log(N)\u00b2 + 1.191"
}
