{
  "a": 0.0024738717084199866,
  "b": 0,
  "c": 1.252723655679691,
  "p": 404.2246801224306,
  "q": -506.3818189989249,
  "r": 0.0,
  "text": "log(N)\u00b2 = 404.22 * RMSD + -506.38\nRMSD = 2.473872e-03 * log(N)\u00b2 + 1.253"
}
