{
  "a": 0.0010377028720717429,
  "b": 0,
  "c": 1.3216295754709408,
  "p": 963.666986874123,
  "q": -1273.610790757808,
  "r": 0.0,
  "text": "log(N)\u00b2 = 963.67 * RMSD + -1273.61\nRMSD = 1.037703e-03 * log(N)\u00b2 + 1.322"
}
