{
  "a": 0.001054318175346228,
  "b": 0,
  "c": 1.207536012627695,
  "p": 948.4802817438004,
  "q": -1145.3240974729015,
  "r": 0.0,
  "text": "log(N)\u00b2 = 948.48 * RMSD + -1145.32\nRMSD = 1.054318e-03 * log(N)\u00b2 + 1.208"
}
