{
  "a": 0.0010636946730645056,
  "b": 0,
  "c": 1.22697135800842,
  "p": 940.1194020451366,
  "q": -1153.499579417385,
  "r": 0.0,
  "text": "log(N)\u00b2 = 940.12 * RMSD + -1153.50\nRMSD = 1.063695e-03 * log(N)\u00b2 + 1.227"
}
