{
  "a": 0.0011747502168417924,
  "b": 0,
  "c": 1.422457463759065,
  "p": 851.244788605707,
  "q": -1210.8595030381953,
  "r": 0.0,
  "text": "log(N)\u00b2 = 851.24 * RMSD + -1210.86\nRMSD = 1.174750e-03 * log(N)\u00b2 + 1.422"
}
