{
  "a": 0.001110550629756035,
  "b": 0,
  "c": 1.2164706321268761,
  "p": 900.4542190207748,
  "q": -1095.3761130135144,
  "r": 0.0,
  "text": "log(N)\u00b2 = 900.45 * RMSD + -1095.38\nRMSD = 1.110551e-03 * log(N)\u00b2 + 1.216"
}
