{
  "a": 0.0027390571829343487,
  "b": 0,
  "c": 1.1953674511832637,
  "p": 365.08912856236947,
  "q": -436.4156610643185,
  "r": 0.0,
  "text": "log(N)\u00b2 = 365.09 * RMSD + -436.42\nRMSD = 2.739057e-03 * log(N)\u00b2 + 1.195"
}
