{
  "a": 0.0009667827409054501,
  "b": 0,
  "c": 1.273712912017044,
  "p": 1034.3585561565155,
  "q": -1317.4758486318606,
  "r": 0.0,
  "text": "log(N)\u00b2 = 1034.36 * RMSD + -1317.48\nRMSD = 9.667827e-04 * log(N)\u00b2 + 1.274"
}
