{
  "a": 0.001445339608277917,
  "b": 0,
  "c": 1.2444560185549634,
  "p": 691.8789150125574,
  "q": -861.012879898655,
  "r": 0.0,
  "text": "log(N)\u00b2 = 691.88 * RMSD + -861.01\nRMSD = 1.445340e-03 * log(N)\u00b2 + 1.244"
}
