{
  "a": 0.002828141490172877,
  "b": 0,
  "c": 1.1585323052442684,
  "p": 353.58909852097696,
  "q": -409.6443934187502,
  "r": 0.0,
  "text": "log(N)\u00b2 = 353.59 * RMSD + -409.64\nRMSD = 2.828141e-03 * log(N)\u00b2 + 1.159"
}
