{
  "a": 0.0026073440158226827,
  "b": 0,
  "c": 1.138019474558933,
  "p": 383.5320517474848,
  "q": -436.4669440061821,
  "r": 0.0,
  "text": "log(N)\u00b2 = 383.53 * RMSD + -436.47\nRMSD = 2.607344e-03 * log(N)\u00b2 + 1.138"
}
