{
  "a": 0.0013427190149371386,
  "b": 0,
  "c": 1.2286024735131176,
  "p": 744.7574577223191,
  "q": -915.0108547249824,
  "r": 0.0,
  "text": "log(N)\u00b2 = 744.76 * RMSD + -915.01\nRMSD = 1.342719e-03 * log(N)\u00b2 + 1.229"
}
