{
  "a": 0.001008647172552201,
  "b": 0,
  "c": 1.234522320872896,
  "p": 991.4269600039419,
  "q": -1223.9387116400262,
  "r": 0.0,
  "text": "log(N)\u00b2 = 991.43 * RMSD + -1223.94\nRMSD = 1.008647e-03 * log(N)\u00b2 + 1.235"
}
