{
  "a": 0.0029215850673122625,
  "b": 0,
  "c": 1.2527516312544735,
  "p": 342.279953162534,
  "q": -428.7917696700693,
  "r": 0.0,
  "text": "log(N)\u00b2 = 342.28 * RMSD + -428.79\nRMSD = 2.921585e-03 * log(N)\u00b2 + 1.253"
}
