{
  "a": 0.002743285267432763,
  "b": 0,
  "c": 1.1081691479936089,
  "p": 364.52643546466675,
  "q": -403.95694941002694,
  "r": 0.0,
  "text": "log(N)\u00b2 = 364.53 * RMSD + -403.96\nRMSD = 2.743285e-03 * log(N)\u00b2 + 1.108"
}
