{
  "a": 0.003763651693770166,
  "b": 0,
  "c": 0.984999714998546,
  "p": 265.6994008386225,
  "q": -261.7138341013276,
  "r": 0.0,
  "text": "log(N)\u00b2 = 265.70 * RMSD + -261.71\nRMSD = 3.763652e-03 * log(N)\u00b2 + 0.985"
}
