{
  "a": 0.0026230794960866465,
  "b": 0,
  "c": 1.2715753615379375,
  "p": 381.23129759959346,
  "q": -484.7643250747801,
  "r": 0.0,
  "text": "log(N)\u00b2 = 381.23 * RMSD + -484.76\nRMSD = 2.623079e-03 * log(N)\u00b2 + 1.272"
}
