{
  "a": 0.0011177090734968626,
  "b": 0,
  "c": 1.1829358661036926,
  "p": 894.6871987639877,
  "q": -1058.3575763617644,
  "r": 0.0,
  "text": "log(N)\u00b2 = 894.69 * RMSD + -1058.36\nRMSD = 1.117709e-03 * log(N)\u00b2 + 1.183"
}
