{
  "a": 0.0013025501378738655,
  "b": 0,
  "c": 1.1855704578390585,
  "p": 767.7247661516401,
  "q": -910.191802500784,
  "r": 0.0,
  "text": "log(N)\u00b2 = 767.72 * RMSD + -910.19\nRMSD = 1.302550e-03 * log(N)\u00b2 + 1.186"
}
