{
  "a": 0.0010874416290012588,
  "b": 0,
  "c": 1.2178192546754643,
  "p": 919.5895883794994,
  "q": -1119.893907127639,
  "r": 0.0,
  "text": "log(N)\u00b2 = 919.59 * RMSD + -1119.89\nRMSD = 1.087442e-03 * log(N)\u00b2 + 1.218"
}
