{
  "a": 0.0013647944307181976,
  "b": 0,
  "c": 1.2140974132266829,
  "p": 732.7110790405034,
  "q": -889.5826257056067,
  "r": 0.0,
  "text": "log(N)\u00b2 = 732.71 * RMSD + -889.58\nRMSD = 1.364794e-03 * log(N)\u00b2 + 1.214"
}
