{
  "a": 0.001100113712931118,
  "b": 0,
  "c": 1.1146390371566666,
  "p": 908.996941175856,
  "q": -1013.2034752906112,
  "r": 0.0,
  "text": "log(N)\u00b2 = 909.00 * RMSD + -1013.20\nRMSD = 1.100114e-03 * log(N)\u00b2 + 1.115"
}
