{
  "a": 0.0024769227249836186,
  "b": 0,
  "c": 1.2476586543244108,
  "p": 403.726765439004,
  "q": -503.71319288237476,
  "r": 0.0,
  "text": "log(N)\u00b2 = 403.73 * RMSD + -503.71\nRMSD = 2.476923e-03 * log(N)\u00b2 + 1.248"
}
