{
  "a": 0.004089682485900343,
  "b": 0,
  "c": 1.031363000179015,
  "p": 244.51775986219383,
  "q": -252.18657040852418,
  "r": 0.0,
  "text": "log(N)\u00b2 = 244.52 * RMSD + -252.19\nRMSD = 4.089682e-03 * log(N)\u00b2 + 1.031"
}
