{
  "a": 0.002765841103132007,
  "b": 0,
  "c": 1.056853605750864,
  "p": 361.5536694669883,
  "q": -382.1092992486426,
  "r": 0.0,
  "text": "log(N)\u00b2 = 361.55 * RMSD + -382.11\nRMSD = 2.765841e-03 * log(N)\u00b2 + 1.057"
}
