{
  "a": 0.002717579419499331,
  "b": 0,
  "c": 1.1937523127175436,
  "p": 367.9745264571636,
  "q": -439.270441979382,
  "r": 0.0,
  "text": "log(N)\u00b2 = 367.97 * RMSD + -439.27\nRMSD = 2.717579e-03 * log(N)\u00b2 + 1.194"
}
