{
  "a": 0.001147201172323126,
  "b": 0,
  "c": 1.1036615214851728,
  "p": 871.6866963925446,
  "q": -962.0470655989795,
  "r": 0.0,
  "text": "log(N)\u00b2 = 871.69 * RMSD + -962.05\nRMSD = 1.147201e-03 * log(N)\u00b2 + 1.104"
}
