{
  "a": 0.0009910634672428958,
  "b": 0,
  "c": 1.3653515858008842,
  "p": 1009.0171144961738,
  "q": -1377.6631173775834,
  "r": 0.0,
  "text": "log(N)\u00b2 = 1009.02 * RMSD + -1377.66\nRMSD = 9.910635e-04 * log(N)\u00b2 + 1.365"
}
