{
  "a": 0.0010585259600518172,
  "b": 0,
  "c": 1.2518484001873686,
  "p": 944.7099435814005,
  "q": -1182.6336315134756,
  "r": 0.0,
  "text": "log(N)\u00b2 = 944.71 * RMSD + -1182.63\nRMSD = 1.058526e-03 * log(N)\u00b2 + 1.252"
}
