{
  "a": 0.002716437342507645,
  "b": 0,
  "c": 1.176265230236857,
  "p": 368.1292346971135,
  "q": -433.01761900791814,
  "r": 0.0,
  "text": "log(N)\u00b2 = 368.13 * RMSD + -433.02\nRMSD = 2.716437e-03 * log(N)\u00b2 + 1.176"
}
