{
  "a": 0.002872815495851383,
  "b": 0,
  "c": 1.2539716003619026,
  "p": 348.0905757589008,
  "q": -436.4956963552849,
  "r": 0.0,
  "text": "log(N)\u00b2 = 348.09 * RMSD + -436.50\nRMSD = 2.872815e-03 * log(N)\u00b2 + 1.254"
}
