{
  "a": 0.0026954328452704745,
  "b": 0,
  "c": 1.0912680569398268,
  "p": 370.9979277557013,
  "q": -404.85818775066645,
  "r": 0.0,
  "text": "log(N)\u00b2 = 371.00 * RMSD + -404.86\nRMSD = 2.695433e-03 * log(N)\u00b2 + 1.091"
}
