{
  "a": 0.0026666436406191274,
  "b": 0,
  "c": 1.2038061599882413,
  "p": 375.0032380658952,
  "q": -451.4312079992615,
  "r": 0.0,
  "text": "log(N)\u00b2 = 375.00 * RMSD + -451.43\nRMSD = 2.666644e-03 * log(N)\u00b2 + 1.204"
}
