{
  "a": 0.0011359352131419295,
  "b": 0,
  "c": 1.0761923580261366,
  "p": 880.331896071836,
  "q": -947.406459079169,
  "r": 0.0,
  "text": "log(N)\u00b2 = 880.33 * RMSD + -947.41\nRMSD = 1.135935e-03 * log(N)\u00b2 + 1.076"
}
