{
  "a": 0.0014530080581262221,
  "b": 0,
  "c": 1.0729657096556813,
  "p": 688.2274288895447,
  "q": -738.4444316429752,
  "r": 0.0,
  "text": "log(N)\u00b2 = 688.23 * RMSD + -738.44\nRMSD = 1.453008e-03 * log(N)\u00b2 + 1.073"
}
