{
  "a": 0.0009819057966107025,
  "b": 0,
  "c": 1.3102883148502693,
  "p": 1018.4276367974956,
  "q": -1334.4338320163326,
  "r": 0.0,
  "text": "log(N)\u00b2 = 1018.43 * RMSD + -1334.43\nRMSD = 9.819058e-04 * log(N)\u00b2 + 1.310"
}
