{
  "a": 0.0011700573255007964,
  "b": 0,
  "c": 1.227551733327301,
  "p": 854.6589796974176,
  "q": -1049.1381119313078,
  "r": 0.0,
  "text": "log(N)\u00b2 = 854.66 * RMSD + -1049.14\nRMSD = 1.170057e-03 * log(N)\u00b2 + 1.228"
}
