{
  "a": 0.0026908601506792154,
  "b": 0,
  "c": 1.1585260702869138,
  "p": 371.62838051898916,
  "q": -430.5411672897544,
  "r": 0.0,
  "text": "log(N)\u00b2 = 371.63 * RMSD + -430.54\nRMSD = 2.690860e-03 * log(N)\u00b2 + 1.159"
}
