{
  "a": 0.0010429911260890392,
  "b": 0,
  "c": 1.2144921423025208,
  "p": 958.780928222999,
  "q": -1164.4319035163494,
  "r": 0.0,
  "text": "log(N)\u00b2 = 958.78 * RMSD + -1164.43\nRMSD = 1.042991e-03 * log(N)\u00b2 + 1.214"
}
