{
  "a": 0.0013470800176975163,
  "b": 0,
  "c": 1.2349138023268251,
  "p": 742.3463987753604,
  "q": -916.7338139553059,
  "r": 0.0,
  "text": "log(N)\u00b2 = 742.35 * RMSD + -916.73\nRMSD = 1.347080e-03 * log(N)\u00b2 + 1.235"
}
