{
  "a": 0.002697640825046085,
  "b": 0,
  "c": 1.146304597046372,
  "p": 370.6942713483425,
  "q": -424.9285473453603,
  "r": 0.0,
  "text": "log(N)\u00b2 = 370.69 * RMSD + -424.93\nRMSD = 2.697641e-03 * log(N)\u00b2 + 1.146"
}
