{
  "a": 0.0009937581680285344,
  "b": 0,
  "c": 1.1938237506868186,
  "p": 1006.2810371499622,
  "q": -1201.3222020153898,
  "r": 0.0,
  "text": "log(N)\u00b2 = 1006.28 * RMSD + -1201.32\nRMSD = 9.937582e-04 * log(N)\u00b2 + 1.194"
}
