{
  "a": 0.00107421872947845,
  "b": 0,
  "c": 1.157235498178098,
  "p": 930.909108692897,
  "q": -1077.2810661567537,
  "r": 0.0,
  "text": "log(N)\u00b2 = 930.91 * RMSD + -1077.28\nRMSD = 1.074219e-03 * log(N)\u00b2 + 1.157"
}
