{
  "a": 0.0012224671598350663,
  "b": 0,
  "c": 1.1790624632068967,
  "p": 818.0178845335353,
  "q": -964.4941818854049,
  "r": 0.0,
  "text": "log(N)\u00b2 = 818.02 * RMSD + -964.49\nRMSD = 1.222467e-03 * log(N)\u00b2 + 1.179"
}
