{
  "a": 0.0029434271273212926,
  "b": 0,
  "c": 1.0554828423339389,
  "p": 339.74002302209675,
  "q": -358.58976515396046,
  "r": 0.0,
  "text": "log(N)\u00b2 = 339.74 * RMSD + -358.59\nRMSD = 2.943427e-03 * log(N)\u00b2 + 1.055"
}
