{
  "a": 0.001341006834702763,
  "b": 0,
  "c": 1.3889316737245008,
  "p": 745.7083544407528,
  "q": -1035.7379528437382,
  "r": 0.0,
  "text": "log(N)\u00b2 = 745.71 * RMSD + -1035.74\nRMSD = 1.341007e-03 * log(N)\u00b2 + 1.389"
}
