{
  "a": 0.00290946161201588,
  "b": 0,
  "c": 1.1809300246037728,
  "p": 343.7062018175691,
  "q": -405.89297336889115,
  "r": 0.0,
  "text": "log(N)\u00b2 = 343.71 * RMSD + -405.89\nRMSD = 2.909462e-03 * log(N)\u00b2 + 1.181"
}
