{
  "a": 0.0013908616457422233,
  "b": 0,
  "c": 1.2148943474436549,
  "p": 718.978773382134,
  "q": -873.4832477139271,
  "r": 0.0,
  "text": "log(N)\u00b2 = 718.98 * RMSD + -873.48\nRMSD = 1.390862e-03 * log(N)\u00b2 + 1.215"
}
