{
  "a": 0.0028160323031360844,
  "b": 0,
  "c": 1.0704212953861783,
  "p": 355.10956280094746,
  "q": -380.1168382174095,
  "r": 0.0,
  "text": "log(N)\u00b2 = 355.11 * RMSD + -380.12\nRMSD = 2.816032e-03 * log(N)\u00b2 + 1.070"
}
