{
  "a": 0.0029719751852895723,
  "b": 0,
  "c": 1.061598133751104,
  "p": 336.4765644577768,
  "q": -357.2028928793589,
  "r": 0.0,
  "text": "log(N)\u00b2 = 336.48 * RMSD + -357.20\nRMSD = 2.971975e-03 * log(N)\u00b2 + 1.062"
}
