{
  "a": 0.0029248812203437487,
  "b": 0,
  "c": 1.1062739233374925,
  "p": 341.89422566789716,
  "q": -378.2286663960586,
  "r": 0.0,
  "text": "log(N)\u00b2 = 341.89 * RMSD + -378.23\nRMSD = 2.924881e-03 * log(N)\u00b2 + 1.106"
}
