{
  "a": 0.0010342348334322063,
  "b": 0,
  "c": 1.2741494645681581,
  "p": 966.898394517815,
  "q": -1231.9730716666859,
  "r": 0.0,
  "text": "log(N)\u00b2 = 966.90 * RMSD + -1231.97\nRMSD = 1.034235e-03 * log(N)\u00b2 + 1.274"
}
