{
  "a": 0.0027427387168709387,
  "b": 0,
  "c": 1.0934793347390004,
  "p": 364.59907531434595,
  "q": -398.68155432118573,
  "r": 0.0,
  "text": "log(N)\u00b2 = 364.60 * RMSD + -398.68\nRMSD = 2.742739e-03 * log(N)\u00b2 + 1.093"
}
