{
  "a": 0.002593208212024054,
  "b": 0,
  "c": 1.1249157585957008,
  "p": 385.62271836224005,
  "q": -433.7930727581956,
  "r": 0.0,
  "text": "log(N)\u00b2 = 385.62 * RMSD + -433.79\nRMSD = 2.593208e-03 * log(N)\u00b2 + 1.125"
}
