{
  "a": 0.00103526210263266,
  "b": 0,
  "c": 1.2558277189877847,
  "p": 965.9389612128282,
  "q": -1213.0529223413362,
  "r": 0.0,
  "text": "log(N)\u00b2 = 965.94 * RMSD + -1213.05\nRMSD = 1.035262e-03 * log(N)\u00b2 + 1.256"
}
