{
  "a": 0.003924483824681807,
  "b": 0,
  "c": 1.0624032602195925,
  "p": 254.8105801101318,
  "q": -270.7115910474497,
  "r": 0.0,
  "text": "log(N)\u00b2 = 254.81 * RMSD + -270.71\nRMSD = 3.924484e-03 * log(N)\u00b2 + 1.062"
}
