{
  "a": 0.002813270976312886,
  "b": 0,
  "c": 1.1611590988451077,
  "p": 355.45811563115564,
  "q": -412.7434252234528,
  "r": 0.0,
  "text": "log(N)\u00b2 = 355.46 * RMSD + -412.74\nRMSD = 2.813271e-03 * log(N)\u00b2 + 1.161"
}
