{
  "a": 0.002826153437411835,
  "b": 0,
  "c": 1.2116436406051183,
  "p": 353.83783016246656,
  "q": -428.72535672186655,
  "r": 0.0,
  "text": "log(N)\u00b2 = 353.84 * RMSD + -428.73\nRMSD = 2.826153e-03 * log(N)\u00b2 + 1.212"
}
