{
  "a": 0.0027565796543341254,
  "b": 0,
  "c": 1.1479472511764013,
  "p": 362.7684033826907,
  "q": -416.4389914768116,
  "r": 0.0,
  "text": "log(N)\u00b2 = 362.77 * RMSD + -416.44\nRMSD = 2.756580e-03 * log(N)\u00b2 + 1.148"
}
