{
  "a": 0.0010991199268168429,
  "b": 0,
  "c": 1.1633362992921215,
  "p": 909.8188246810303,
  "q": -1058.4252645307372,
  "r": 0.0,
  "text": "log(N)\u00b2 = 909.82 * RMSD + -1058.43\nRMSD = 1.099120e-03 * log(N)\u00b2 + 1.163"
}
