{
  "a": 0.001932382738349095,
  "b": 0,
  "c": 1.5075959870394775,
  "p": 517.4958253116753,
  "q": -780.1746295495641,
  "r": 0.0,
  "text": "log(N)\u00b2 = 517.50 * RMSD + -780.17\nRMSD = 1.932383e-03 * log(N)\u00b2 + 1.508"
}
