{
  "a": 0.0013084071350659145,
  "b": 0,
  "c": 1.2017399811047076,
  "p": 764.2880974885713,
  "q": -918.4755638344686,
  "r": 0.0,
  "text": "log(N)\u00b2 = 764.29 * RMSD + -918.48\nRMSD = 1.308407e-03 * log(N)\u00b2 + 1.202"
}
