{
  "a": 0.0036287901836774272,
  "b": 0,
  "c": 0.9693693418497054,
  "p": 275.5739376991471,
  "q": -267.13292661835396,
  "r": 0.0,
  "text": "log(N)\u00b2 = 275.57 * RMSD + -267.13\nRMSD = 3.628790e-03 * log(N)\u00b2 + 0.969"
}
