{
  "a": 0.002408259201953007,
  "b": 0,
  "c": 1.3330444390147707,
  "p": 415.23769500767935,
  "q": -553.5303001992983,
  "r": 0.0,
  "text": "log(N)\u00b2 = 415.24 * RMSD + -553.53\nRMSD = 2.408259e-03 * log(N)\u00b2 + 1.333"
}
