{
  "a": 0.0011269945996117427,
  "b": 0,
  "c": 1.129695180291443,
  "p": 887.31569818037,
  "q": -1002.3962676313008,
  "r": 0.0,
  "text": "log(N)\u00b2 = 887.32 * RMSD + -1002.40\nRMSD = 1.126995e-03 * log(N)\u00b2 + 1.130"
}
