{
  "a": 0.0011018537715299888,
  "b": 0,
  "c": 1.1558080378709907,
  "p": 907.56144403031,
  "q": -1048.9668118720356,
  "r": 0.0,
  "text": "log(N)\u00b2 = 907.56 * RMSD + -1048.97\nRMSD = 1.101854e-03 * log(N)\u00b2 + 1.156"
}
