{
  "a": 0.002718431572090394,
  "b": 0,
  "c": 1.3147308198320227,
  "p": 367.8591766910025,
  "q": -483.63579695369464,
  "r": 0.0,
  "text": "log(N)\u00b2 = 367.86 * RMSD + -483.64\nRMSD = 2.718432e-03 * log(N)\u00b2 + 1.315"
}
