{
  "a": 0.0011585939825635896,
  "b": 0,
  "c": 1.0347937689472064,
  "p": 863.1151335581142,
  "q": -893.1461620899724,
  "r": 0.0,
  "text": "log(N)\u00b2 = 863.12 * RMSD + -893.15\nRMSD = 1.158594e-03 * log(N)\u00b2 + 1.035"
}
