{
  "a": 0.0026288559240652053,
  "b": 0,
  "c": 1.1926203804706477,
  "p": 380.3936118544001,
  "q": -453.6651740983985,
  "r": 0.0,
  "text": "log(N)\u00b2 = 380.39 * RMSD + -453.67\nRMSD = 2.628856e-03 * log(N)\u00b2 + 1.193"
}
