{
  "a": 0.0010205093772532722,
  "b": 0,
  "c": 1.1699543207149248,
  "p": 979.9028037268273,
  "q": -1146.4415191008704,
  "r": 0.0,
  "text": "log(N)\u00b2 = 979.90 * RMSD + -1146.44\nRMSD = 1.020509e-03 * log(N)\u00b2 + 1.170"
}
