{
  "a": 0.0009746609756258948,
  "b": 0,
  "c": 1.3315597266778585,
  "p": 1025.997782826827,
  "q": -1366.1773272729786,
  "r": 0.0,
  "text": "log(N)\u00b2 = 1026.00 * RMSD + -1366.18\nRMSD = 9.746610e-04 * log(N)\u00b2 + 1.332"
}
