{
  "a": 0.00303537315684569,
  "b": 0,
  "c": 1.0353797970001504,
  "p": 329.44878547953675,
  "q": -341.10461663174885,
  "r": 0.0,
  "text": "log(N)\u00b2 = 329.45 * RMSD + -341.10\nRMSD = 3.035373e-03 * log(N)\u00b2 + 1.035"
}
