{
  "a": 0.0031409312447551628,
  "b": 0,
  "c": 1.195015721197283,
  "p": 318.3769150215673,
  "q": -380.46541871706427,
  "r": 0.0,
  "text": "log(N)\u00b2 = 318.38 * RMSD + -380.47\nRMSD = 3.140931e-03 * log(N)\u00b2 + 1.195"
}
