{
  "a": 0.0010852921340065522,
  "b": 0,
  "c": 1.2165439763718404,
  "p": 921.4108981959715,
  "q": -1120.9368779636764,
  "r": 0.0,
  "text": "log(N)\u00b2 = 921.41 * RMSD + -1120.94\nRMSD = 1.085292e-03 * log(N)\u00b2 + 1.217"
}
