{
  "a": 0.0028401118755458587,
  "b": 0,
  "c": 1.1999317580036877,
  "p": 352.09880589925837,
  "q": -422.49453915369634,
  "r": 0.0,
  "text": "log(N)\u00b2 = 352.10 * RMSD + -422.49\nRMSD = 2.840112e-03 * log(N)\u00b2 + 1.200"
}
