{
  "a": 0.003349913967858929,
  "b": 0,
  "c": 0.9857876369389154,
  "p": 298.51512892408465,
  "q": -294.27252353258905,
  "r": 0.0,
  "text": "log(N)\u00b2 = 298.52 * RMSD + -294.27\nRMSD = 3.349914e-03 * log(N)\u00b2 + 0.986"
}
