{
  "a": 0.0030798939645889124,
  "b": 0,
  "c": 1.0555385509967428,
  "p": 324.68650268402166,
  "q": -342.71912057129225,
  "r": 0.0,
  "text": "log(N)\u00b2 = 324.69 * RMSD + -342.72\nRMSD = 3.079894e-03 * log(N)\u00b2 + 1.056"
}
