{
  "a": 0.002541421689840445,
  "b": 0,
  "c": 1.1401163111494639,
  "p": 393.4805483078968,
  "q": -448.6135912458677,
  "r": 0.0,
  "text": "log(N)\u00b2 = 393.48 * RMSD + -448.61\nRMSD = 2.541422e-03 * log(N)\u00b2 + 1.140"
}
