{
  "a": 0.0029507769395404025,
  "b": 0,
  "c": 1.2609659021358905,
  "p": 338.8937966133607,
  "q": -427.3335219748234,
  "r": 0.0,
  "text": "log(N)\u00b2 = 338.89 * RMSD + -427.33\nRMSD = 2.950777e-03 * log(N)\u00b2 + 1.261"
}
