{
  "a": 0.0010669323941391244,
  "b": 0,
  "c": 1.2138596310220946,
  "p": 937.2665086309146,
  "q": -1137.709978336089,
  "r": 0.0,
  "text": "log(N)\u00b2 = 937.27 * RMSD + -1137.71\nRMSD = 1.066932e-03 * log(N)\u00b2 + 1.214"
}
