{
  "a": 0.0011132168860078092,
  "b": 0,
  "c": 1.273678224480953,
  "p": 898.2975488147464,
  "q": -1144.1420270299584,
  "r": 0.0,
  "text": "log(N)\u00b2 = 898.30 * RMSD + -1144.14\nRMSD = 1.113217e-03 * log(N)\u00b2 + 1.274"
}
