{
  "a": 0.0010365167052186497,
  "b": 0,
  "c": 1.1845035464880032,
  "p": 964.7697861165233,
  "q": -1142.773233199494,
  "r": 0.0,
  "text": "log(N)\u00b2 = 964.77 * RMSD + -1142.77\nRMSD = 1.036517e-03 * log(N)\u00b2 + 1.185"
}
