{
  "a": 0.0026727087654804756,
  "b": 0,
  "c": 1.1973641389139347,
  "p": 374.1522506737575,
  "q": -447.99648745069436,
  "r": 0.0,
  "text": "log(N)\u00b2 = 374.15 * RMSD + -448.00\nRMSD = 2.672709e-03 * log(N)\u00b2 + 1.197"
}
