{
  "a": 0.0026077271603536724,
  "b": 0,
  "c": 1.3136750287905439,
  "p": 383.4757006804252,
  "q": -503.76245213183154,
  "r": 0.0,
  "text": "log(N)\u00b2 = 383.48 * RMSD + -503.76\nRMSD = 2.607727e-03 * log(N)\u00b2 + 1.314"
}
