{
  "a": 0.0010394177308509043,
  "b": 0,
  "c": 1.2612676024693639,
  "p": 962.0771036697291,
  "q": -1213.436681936189,
  "r": 0.0,
  "text": "log(N)\u00b2 = 962.08 * RMSD + -1213.44\nRMSD = 1.039418e-03 * log(N)\u00b2 + 1.261"
}
