{
  "a": 0.0011369034484224054,
  "b": 0,
  "c": 1.2738153589746521,
  "p": 879.5821680263386,
  "q": -1120.4252751121735,
  "r": 0.0,
  "text": "log(N)\u00b2 = 879.58 * RMSD + -1120.43\nRMSD = 1.136903e-03 * log(N)\u00b2 + 1.274"
}
