{
  "a": 0.0030054585204229572,
  "b": 0,
  "c": 1.0812869627208004,
  "p": 332.7279325948808,
  "q": -359.77437564788994,
  "r": 0.0,
  "text": "log(N)\u00b2 = 332.73 * RMSD + -359.77\nRMSD = 3.005459e-03 * log(N)\u00b2 + 1.081"
}
