{
  "a": 0.0010611434384427423,
  "b": 0,
  "c": 1.2852495999752103,
  "p": 942.3796668502498,
  "q": -1211.1930898440555,
  "r": 0.0,
  "text": "log(N)\u00b2 = 942.38 * RMSD + -1211.19\nRMSD = 1.061143e-03 * log(N)\u00b2 + 1.285"
}
