{
  "a": 0.002584509897741282,
  "b": 0,
  "c": 1.1626510390562947,
  "p": 386.92055343798233,
  "q": -449.8535834869068,
  "r": 0.0,
  "text": "log(N)\u00b2 = 386.92 * RMSD + -449.85\nRMSD = 2.584510e-03 * log(N)\u00b2 + 1.163"
}
