{
  "a": 0.0009845988805836407,
  "b": 0,
  "c": 1.2755077604330762,
  "p": 1015.6420240973969,
  "q": -1295.4592835581873,
  "r": 0.0,
  "text": "log(N)\u00b2 = 1015.64 * RMSD + -1295.46\nRMSD = 9.845989e-04 * log(N)\u00b2 + 1.276"
}
