{
  "a": 0.0010105315026943513,
  "b": 0,
  "c": 1.2522797069217873,
  "p": 989.5782539522306,
  "q": -1239.2287658354735,
  "r": 0.0,
  "text": "log(N)\u00b2 = 989.58 * RMSD + -1239.23\nRMSD = 1.010532e-03 * log(N)\u00b2 + 1.252"
}
