{
  "a": 0.0015529441758708935,
  "b": 0,
  "c": 1.0652119628959325,
  "p": 643.9381502166351,
  "q": -685.9306209758378,
  "r": 0.0,
  "text": "log(N)\u00b2 = 643.94 * RMSD + -685.93\nRMSD = 1.552944e-03 * log(N)\u00b2 + 1.065"
}
