{
  "a": 0.0033814188789338864,
  "b": 0,
  "c": 1.1325225244399488,
  "p": 295.7338430414412,
  "q": -334.9252384836206,
  "r": 0.0,
  "text": "log(N)\u00b2 = 295.73 * RMSD + -334.93\nRMSD = 3.381419e-03 * log(N)\u00b2 + 1.133"
}
