{
  "a": 0.001196267001486651,
  "b": 0,
  "c": 1.1437114413240166,
  "p": 835.9337829742509,
  "q": -956.0670317769182,
  "r": 0.0,
  "text": "log(N)\u00b2 = 835.93 * RMSD + -956.07\nRMSD = 1.196267e-03 * log(N)\u00b2 + 1.144"
}
