{
  "a": 0.0009883803552411018,
  "b": 0,
  "c": 1.357020526773166,
  "p": 1011.7562481865231,
  "q": -1372.9739968801177,
  "r": 0.0,
  "text": "log(N)\u00b2 = 1011.76 * RMSD + -1372.97\nRMSD = 9.883804e-04 * log(N)\u00b2 + 1.357"
}
