{
  "a": 0.002699525427749074,
  "b": 0,
  "c": 1.0797942049593612,
  "p": 370.43548088888457,
  "q": -399.99408557515176,
  "r": 0.0,
  "text": "log(N)\u00b2 = 370.44 * RMSD + -399.99\nRMSD = 2.699525e-03 * log(N)\u00b2 + 1.080"
}
