{
  "a": 0.0027062419678070123,
  "b": 0,
  "c": 1.2101944073747604,
  "p": 369.5161082770231,
  "q": -447.1863276717398,
  "r": 0.0,
  "text": "log(N)\u00b2 = 369.52 * RMSD + -447.19\nRMSD = 2.706242e-03 * log(N)\u00b2 + 1.210"
}
