{
  "a": 0.0011664944276999017,
  "b": 0,
  "c": 1.1811898927478222,
  "p": 857.2694187419343,
  "q": -1012.5979727797733,
  "r": 0.0,
  "text": "log(N)\u00b2 = 857.27 * RMSD + -1012.60\nRMSD = 1.166494e-03 * log(N)\u00b2 + 1.181"
}
