{
  "a": 0.0010600923292050242,
  "b": 0,
  "c": 1.364734192271813,
  "p": 943.3140609081775,
  "q": -1287.3729529721654,
  "r": 0.0,
  "text": "log(N)\u00b2 = 943.31 * RMSD + -1287.37\nRMSD = 1.060092e-03 * log(N)\u00b2 + 1.365"
}
