{
  "a": 0.001070424043085294,
  "b": 0,
  "c": 1.1269598949278834,
  "p": 934.209210321631,
  "q": -1052.8163135047262,
  "r": 0.0,
  "text": "log(N)\u00b2 = 934.21 * RMSD + -1052.82\nRMSD = 1.070424e-03 * log(N)\u00b2 + 1.127"
}
