{
  "a": 0.0028369045370224897,
  "b": 0,
  "c": 1.400338907464344,
  "p": 352.4968806492033,
  "q": -493.61509673289464,
  "r": 0.0,
  "text": "log(N)\u00b2 = 352.50 * RMSD + -493.62\nRMSD = 2.836905e-03 * log(N)\u00b2 + 1.400"
}
