{
  "a": 0.00108331696866242,
  "b": 0,
  "c": 1.1393961699498183,
  "p": 923.0908671491668,
  "q": -1051.7661985454172,
  "r": 0.0,
  "text": "log(N)\u00b2 = 923.09 * RMSD + -1051.77\nRMSD = 1.083317e-03 * log(N)\u00b2 + 1.139"
}
