{
  "a": 0.0013089622187057862,
  "b": 0,
  "c": 1.235231971722655,
  "p": 763.9639904876191,
  "q": -943.6727462951293,
  "r": 0.0,
  "text": "log(N)\u00b2 = 763.96 * RMSD + -943.67\nRMSD = 1.308962e-03 * log(N)\u00b2 + 1.235"
}
