{
  "a": 0.002267883249327139,
  "b": 0,
  "c": 1.224468953325062,
  "p": 440.93980600486873,
  "q": -539.9171027381375,
  "r": 0.0,
  "text": "log(N)\u00b2 = 440.94 * RMSD + -539.92\nRMSD = 2.267883e-03 * log(N)\u00b2 + 1.224"
}
