{
  "a": 0.0018587163446455888,
  "b": 0,
  "c": 1.0695454960781228,
  "p": 538.0057064009276,
  "q": -575.4215801454409,
  "r": 0.0,
  "text": "log(N)\u00b2 = 538.01 * RMSD + -575.42\nRMSD = 1.858716e-03 * log(N)\u00b2 + 1.070"
}
