{
  "a": 0.0032097463348706085,
  "b": 0,
  "c": 1.167369169782762,
  "p": 311.5510995794352,
  "q": -363.6951484609518,
  "r": 0.0,
  "text": "log(N)\u00b2 = 311.55 * RMSD + -363.70\nRMSD = 3.209746e-03 * log(N)\u00b2 + 1.167"
}
