{
  "a": 0.0030444397213832772,
  "b": 0,
  "c": 1.217012406316107,
  "p": 328.46766285969954,
  "q": -399.74922077391074,
  "r": 0.0,
  "text": "log(N)\u00b2 = 328.47 * RMSD + -399.75\nRMSD = 3.044440e-03 * log(N)\u00b2 + 1.217"
}
