{
  "a": 0.002920510787227395,
  "b": 0,
  "c": 1.1559857571288734,
  "p": 342.40585734982204,
  "q": -395.8162942538951,
  "r": 0.0,
  "text": "log(N)\u00b2 = 342.41 * RMSD + -395.82\nRMSD = 2.920511e-03 * log(N)\u00b2 + 1.156"
}
