{
  "a": 0.0032629535446394562,
  "b": 0,
  "c": 1.0034736629704804,
  "p": 306.47080515223706,
  "q": -307.53538143962766,
  "r": 0.0,
  "text": "log(N)\u00b2 = 306.47 * RMSD + -307.54\nRMSD = 3.262954e-03 * log(N)\u00b2 + 1.003"
}
