{
  "a": 0.0025707819209045543,
  "b": 0,
  "c": 1.3231075801588035,
  "p": 388.98670940090494,
  "q": -514.671263789367,
  "r": 0.0,
  "text": "log(N)\u00b2 = 388.99 * RMSD + -514.67\nRMSD = 2.570782e-03 * log(N)\u00b2 + 1.323"
}
