{
  "a": 0.0010068941663761027,
  "b": 0,
  "c": 1.2954116927980441,
  "p": 993.1530377210195,
  "q": -1286.5420578017058,
  "r": 0.0,
  "text": "log(N)\u00b2 = 993.15 * RMSD + -1286.54\nRMSD = 1.006894e-03 * log(N)\u00b2 + 1.295"
}
