{
  "a": 0.0010723323966273883,
  "b": 0,
  "c": 1.2524993883806266,
  "p": 932.5466647702874,
  "q": -1168.0141272611781,
  "r": 0.0,
  "text": "log(N)\u00b2 = 932.55 * RMSD + -1168.01\nRMSD = 1.072332e-03 * log(N)\u00b2 + 1.252"
}
