{
  "a": 0.0013161766211993444,
  "b": 0,
  "c": 1.1859937494898665,
  "p": 759.7764493710323,
  "q": -901.0901199636482,
  "r": 0.0,
  "text": "log(N)\u00b2 = 759.78 * RMSD + -901.09\nRMSD = 1.316177e-03 * log(N)\u00b2 + 1.186"
}
