{
  "a": 0.0013997896998207068,
  "b": 0,
  "c": 1.1388852539794263,
  "p": 714.3930264153864,
  "q": -813.6116833302183,
  "r": 0.0,
  "text": "log(N)\u00b2 = 714.39 * RMSD + -813.61\nRMSD = 1.399790e-03 * log(N)\u00b2 + 1.139"
}
