{
  "a": 0.0011669904384289725,
  "b": 0,
  "c": 1.175694088599425,
  "p": 856.9050500072832,
  "q": -1007.4582017845573,
  "r": 0.0,
  "text": "log(N)\u00b2 = 856.91 * RMSD + -1007.46\nRMSD = 1.166990e-03 * log(N)\u00b2 + 1.176"
}
