{
  "a": 0.00373317499647154,
  "b": 0,
  "c": 0.9900172712607502,
  "p": 267.86850360488415,
  "q": -265.19444499560785,
  "r": 0.0,
  "text": "log(N)\u00b2 = 267.87 * RMSD + -265.19\nRMSD = 3.733175e-03 * log(N)\u00b2 + 0.990"
}
