{
  "a": 0.0011873570200420355,
  "b": 0,
  "c": 1.081850380579381,
  "p": 842.2066683570855,
  "q": -911.1416046886056,
  "r": 0.0,
  "text": "log(N)\u00b2 = 842.21 * RMSD + -911.14\nRMSD = 1.187357e-03 * log(N)\u00b2 + 1.082"
}
