{
  "a": 0.0010720423708389269,
  "b": 0,
  "c": 1.3446281318746367,
  "p": 932.798951983073,
  "q": -1254.2677122196187,
  "r": 0.0,
  "text": "log(N)\u00b2 = 932.80 * RMSD + -1254.27\nRMSD = 1.072042e-03 * log(N)\u00b2 + 1.345"
}
