{
  "a": 0.0028668496773115557,
  "b": 0,
  "c": 1.2163527537400864,
  "p": 348.81494063468637,
  "q": -424.28201358668554,
  "r": 0.0,
  "text": "log(N)\u00b2 = 348.81 * RMSD + -424.28\nRMSD = 2.866850e-03 * log(N)\u00b2 + 1.216"
}
