{
  "a": 0.0009733806866663988,
  "b": 0,
  "c": 1.2696066908988097,
  "p": 1027.3472791254633,
  "q": -1304.3269794543753,
  "r": 0.0,
  "text": "log(N)\u00b2 = 1027.35 * RMSD + -1304.33\nRMSD = 9.733807e-04 * log(N)\u00b2 + 1.270"
}
