{
  "a": 0.001148913046363223,
  "b": 0,
  "c": 1.2732053348498147,
  "p": 870.3878880698645,
  "q": -1108.1825024792147,
  "r": 0.0,
  "text": "log(N)\u00b2 = 870.39 * RMSD + -1108.18\nRMSD = 1.148913e-03 * log(N)\u00b2 + 1.273"
}
