{
  "a": 0.002998723975523151,
  "b": 0,
  "c": 1.0905499975302058,
  "p": 333.47517416155057,
  "q": -363.67135035826385,
  "r": 0.0,
  "text": "log(N)\u00b2 = 333.48 * RMSD + -363.67\nRMSD = 2.998724e-03 * log(N)\u00b2 + 1.091"
}
