{
  "a": 0.0013272427539407388,
  "b": 0,
  "c": 1.3174409293722456,
  "p": 753.4416722418587,
  "q": -992.6148969060931,
  "r": 0.0,
  "text": "log(N)\u00b2 = 753.44 * RMSD + -992.61\nRMSD = 1.327243e-03 * log(N)\u00b2 + 1.317"
}
