{
  "a": 0.002713573566866138,
  "b": 0,
  "c": 1.2523477189529242,
  "p": 368.5177406687683,
  "q": -461.51235192021716,
  "r": 0.0,
  "text": "log(N)\u00b2 = 368.52 * RMSD + -461.51\nRMSD = 2.713574e-03 * log(N)\u00b2 + 1.252"
}
