{
  "a": 0.0010833223387049,
  "b": 0,
  "c": 1.1579100664286033,
  "p": 923.0862913761099,
  "q": -1068.8509089666445,
  "r": 0.0,
  "text": "log(N)\u00b2 = 923.09 * RMSD + -1068.85\nRMSD = 1.083322e-03 * log(N)\u00b2 + 1.158"
}
