{
  "a": 0.0026945708497437093,
  "b": 0,
  "c": 1.185510027352508,
  "p": 371.11661031110526,
  "q": -439.9624628408886,
  "r": 0.0,
  "text": "log(N)\u00b2 = 371.12 * RMSD + -439.96\nRMSD = 2.694571e-03 * log(N)\u00b2 + 1.186"
}
