{
  "a": 0.001082920518678869,
  "b": 0,
  "c": 1.1124082643939976,
  "p": 923.4288045626566,
  "q": -1027.229833774969,
  "r": 0.0,
  "text": "log(N)\u00b2 = 923.43 * RMSD + -1027.23\nRMSD = 1.082921e-03 * log(N)\u00b2 + 1.112"
}
