{
  "a": 0.0026986671302847032,
  "b": 0,
  "c": 1.184365747295707,
  "p": 370.55329602450905,
  "q": -438.87063135895494,
  "r": 0.0,
  "text": "log(N)\u00b2 = 370.55 * RMSD + -438.87\nRMSD = 2.698667e-03 * log(N)\u00b2 + 1.184"
}
