{
  "a": 0.00247230804728055,
  "b": 0,
  "c": 1.2438676603993986,
  "p": 404.48034018251246,
  "q": -503.1200144203746,
  "r": 0.0,
  "text": "log(N)\u00b2 = 404.48 * RMSD + -503.12\nRMSD = 2.472308e-03 * log(N)\u00b2 + 1.244"
}
