{
  "a": 0.0014646889308842263,
  "b": 0,
  "c": 1.3153685861689741,
  "p": 682.7388252304906,
  "q": -898.0532032660968,
  "r": 0.0,
  "text": "log(N)\u00b2 = 682.74 * RMSD + -898.05\nRMSD = 1.464689e-03 * log(N)\u00b2 + 1.315"
}
