{
  "a": 0.0011567741811566992,
  "b": 0,
  "c": 1.3177084695118915,
  "p": 864.4729596229964,
  "q": -1139.1233405592338,
  "r": 0.0,
  "text": "log(N)\u00b2 = 864.47 * RMSD + -1139.12\nRMSD = 1.156774e-03 * log(N)\u00b2 + 1.318"
}
