{
  "a": 0.0049482721228685305,
  "b": 0,
  "c": 1.469111258039523,
  "p": 202.09074504582753,
  "q": -296.8937886924202,
  "r": 0.0,
  "text": "log(N)\u00b2 = 202.09 * RMSD + -296.89\nRMSD = 4.948272e-03 * log(N)\u00b2 + 1.469"
}
