{
  "a": 0.0019843236758705393,
  "b": 0,
  "c": 1.3991253402609092,
  "p": 503.9500421025273,
  "q": -705.089274131198,
  "r": 0.0,
  "text": "log(N)\u00b2 = 503.95 * RMSD + -705.09\nRMSD = 1.984324e-03 * log(N)\u00b2 + 1.399"
}
