{
  "a": 0.001851060322850245,
  "b": 0,
  "c": 1.3725774266388853,
  "p": 540.2309085531094,
  "q": -741.5087502526139,
  "r": 0.0,
  "text": "log(N)\u00b2 = 540.23 * RMSD + -741.51\nRMSD = 1.851060e-03 * log(N)\u00b2 + 1.373"
}
