{
  "a": 0.0018850464556626847,
  "b": 0,
  "c": 1.4738611304269265,
  "p": 530.4909048771701,
  "q": -781.869924743469,
  "r": 0.0,
  "text": "log(N)\u00b2 = 530.49 * RMSD + -781.87\nRMSD = 1.885046e-03 * log(N)\u00b2 + 1.474"
}
