{
  "a": 0.0019071095657744962,
  "b": 0,
  "c": 1.2913880780816849,
  "p": 524.3537224846807,
  "q": -677.1441459144689,
  "r": 0.0,
  "text": "log(N)\u00b2 = 524.35 * RMSD + -677.14\nRMSD = 1.907110e-03 * log(N)\u00b2 + 1.291"
}
