{
  "a": 0.001928196052206803,
  "b": 0,
  "c": 1.515700139343707,
  "p": 518.6194624014031,
  "q": -786.0715914281652,
  "r": 0.0,
  "text": "log(N)\u00b2 = 518.62 * RMSD + -786.07\nRMSD = 1.928196e-03 * log(N)\u00b2 + 1.516"
}
