{
  "a": 0.0017621731793825153,
  "b": 0,
  "c": 1.5077623400717726,
  "p": 567.4811146259818,
  "q": -855.6266533350082,
  "r": 0.0,
  "text": "log(N)\u00b2 = 567.48 * RMSD + -855.63\nRMSD = 1.762173e-03 * log(N)\u00b2 + 1.508"
}
