{
  "a": 0.005153493869809981,
  "b": 0,
  "c": 1.224529654406597,
  "p": 194.0431142953648,
  "q": -237.61154768808282,
  "r": 0.0,
  "text": "log(N)\u00b2 = 194.04 * RMSD + -237.61\nRMSD = 5.153494e-03 * log(N)\u00b2 + 1.225"
}
