{
  "a": 0.007501197598281644,
  "b": 0,
  "c": 1.1914841403736882,
  "p": 133.31204609635634,
  "q": -158.83918864457462,
  "r": 0.0,
  "text": "log(N)\u00b2 = 133.31 * RMSD + -158.84\nRMSD = 7.501198e-03 * log(N)\u00b2 + 1.191"
}
