{
  "a": 0.005565563706870141,
  "b": 0,
  "c": 1.2460263963275224,
  "p": 179.6763189981274,
  "q": -223.88143626663108,
  "r": 0.0,
  "text": "log(N)\u00b2 = 179.68 * RMSD + -223.88\nRMSD = 5.565564e-03 * log(N)\u00b2 + 1.246"
}
