{
  "a": 0.004802153890573452,
  "b": 0,
  "c": 1.4365505701318964,
  "p": 208.2398904297889,
  "q": -299.1471333211168,
  "r": 0.0,
  "text": "log(N)\u00b2 = 208.24 * RMSD + -299.15\nRMSD = 4.802154e-03 * log(N)\u00b2 + 1.437"
}
