{
  "a": 0.004687767692704871,
  "b": 0,
  "c": 1.487061755420994,
  "p": 213.3211510366022,
  "q": -317.22172532891665,
  "r": 0.0,
  "text": "log(N)\u00b2 = 213.32 * RMSD + -317.22\nRMSD = 4.687768e-03 * log(N)\u00b2 + 1.487"
}
