{
  "a": 0.0044021088748670886,
  "b": 0,
  "c": 1.4063657908397285,
  "p": 227.1638499695655,
  "q": -319.47546751264537,
  "r": 0.0,
  "text": "log(N)\u00b2 = 227.16 * RMSD + -319.48\nRMSD = 4.402109e-03 * log(N)\u00b2 + 1.406"
}
