{
  "a": 0.002291480768164533,
  "b": 0,
  "c": 1.4884958314633692,
  "p": 436.3990367682623,
  "q": -649.578147084188,
  "r": 0.0,
  "text": "log(N)\u00b2 = 436.40 * RMSD + -649.58\nRMSD = 2.291481e-03 * log(N)\u00b2 + 1.488"
}
