{
  "a": 0.00609559401206305,
  "b": 0,
  "c": 1.1080750572662803,
  "p": 164.0529205227614,
  "q": -181.7829493029594,
  "r": 0.0,
  "text": "log(N)\u00b2 = 164.05 * RMSD + -181.78\nRMSD = 6.095594e-03 * log(N)\u00b2 + 1.108"
}
