{
  "a": 0.0020780764064045484,
  "b": 0,
  "c": 1.1842614670797897,
  "p": 481.2142599367569,
  "q": -569.8835054524191,
  "r": 0.0,
  "text": "log(N)\u00b2 = 481.21 * RMSD + -569.88\nRMSD = 2.078076e-03 * log(N)\u00b2 + 1.184"
}
