{
  "a": 0.004899138695990518,
  "b": 0,
  "c": 1.2741324593262715,
  "p": 204.11751167983988,
  "q": -260.0727471481933,
  "r": 0.0,
  "text": "log(N)\u00b2 = 204.12 * RMSD + -260.07\nRMSD = 4.899139e-03 * log(N)\u00b2 + 1.274"
}
