{
  "a": 0.005073880201653021,
  "b": 0,
  "c": 1.4177529741414372,
  "p": 197.08782238772798,
  "q": -279.4218463572607,
  "r": 0.0,
  "text": "log(N)\u00b2 = 197.09 * RMSD + -279.42\nRMSD = 5.073880e-03 * log(N)\u00b2 + 1.418"
}
