{
  "a": 0.004711279922246077,
  "b": 0,
  "c": 1.4650886450560328,
  "p": 212.2565452496517,
  "q": -310.97465428408674,
  "r": 0.0,
  "text": "log(N)\u00b2 = 212.26 * RMSD + -310.97\nRMSD = 4.711280e-03 * log(N)\u00b2 + 1.465"
}
