{
  "a": 0.002601211139411271,
  "b": 0,
  "c": 1.3720901047184215,
  "p": 384.43630539977187,
  "q": -527.4812505335361,
  "r": 0.0,
  "text": "log(N)\u00b2 = 384.44 * RMSD + -527.48\nRMSD = 2.601211e-03 * log(N)\u00b2 + 1.372"
}
