{
  "a": 0.0023117762077597085,
  "b": 0,
  "c": 1.576507869053382,
  "p": 432.56782237112736,
  "q": -681.9465758673679,
  "r": 0.0,
  "text": "log(N)\u00b2 = 432.57 * RMSD + -681.95\nRMSD = 2.311776e-03 * log(N)\u00b2 + 1.577"
}
