{
  "a": 0.001821228239392794,
  "b": 0,
  "c": 1.3830603906825294,
  "p": 549.0799990743635,
  "q": -759.4107980357521,
  "r": 0.0,
  "text": "log(N)\u00b2 = 549.08 * RMSD + -759.41\nRMSD = 1.821228e-03 * log(N)\u00b2 + 1.383"
}
