{
  "a": 0.002200282175396769,
  "b": 0,
  "c": 1.1332325896161333,
  "p": 454.48716132042176,
  "q": -515.039662770427,
  "r": 0.0,
  "text": "log(N)\u00b2 = 454.49 * RMSD + -515.04\nRMSD = 2.200282e-03 * log(N)\u00b2 + 1.133"
}
