{
  "a": 0.004845804798707211,
  "b": 0,
  "c": 1.2811255772000174,
  "p": 206.36406985827932,
  "q": -264.3782881105328,
  "r": 0.0,
  "text": "log(N)\u00b2 = 206.36 * RMSD + -264.38\nRMSD = 4.845805e-03 * log(N)\u00b2 + 1.281"
}
