{
  "a": 0.007534254352030012,
  "b": 0,
  "c": 1.3017973795672972,
  "p": 132.72713572917303,
  "q": -172.78383748971046,
  "r": 0.0,
  "text": "log(N)\u00b2 = 132.73 * RMSD + -172.78\nRMSD = 7.534254e-03 * log(N)\u00b2 + 1.302"
}
