{
  "a": 0.0022102307707359456,
  "b": 0,
  "c": 1.1642144107705743,
  "p": 452.44144332812255,
  "q": -526.7388483524384,
  "r": 0.0,
  "text": "log(N)\u00b2 = 452.44 * RMSD + -526.74\nRMSD = 2.210231e-03 * log(N)\u00b2 + 1.164"
}
