{
  "a": 0.0020551119179752168,
  "b": 0,
  "c": 1.2967255117996261,
  "p": 486.59150445939815,
  "q": -630.9756176574631,
  "r": 0.0,
  "text": "log(N)\u00b2 = 486.59 * RMSD + -630.98\nRMSD = 2.055112e-03 * log(N)\u00b2 + 1.297"
}
