{
  "a": 0.0019092759099738272,
  "b": 0,
  "c": 1.5084754074600992,
  "p": 523.7587688485046,
  "q": -790.0772222495478,
  "r": 0.0,
  "text": "log(N)\u00b2 = 523.76 * RMSD + -790.08\nRMSD = 1.909276e-03 * log(N)\u00b2 + 1.508"
}
