{
  "a": 0.0017738782887533981,
  "b": 0,
  "c": 1.5335528995295062,
  "p": 563.73653499235,
  "q": -864.5197978082355,
  "r": 0.0,
  "text": "log(N)\u00b2 = 563.74 * RMSD + -864.52\nRMSD = 1.773878e-03 * log(N)\u00b2 + 1.534"
}
