{
  "a": 0.005240905675484828,
  "b": 0,
  "c": 1.37973014218741,
  "p": 190.80671584639643,
  "q": -263.2617771850613,
  "r": 0.0,
  "text": "log(N)\u00b2 = 190.81 * RMSD + -263.26\nRMSD = 5.240906e-03 * log(N)\u00b2 + 1.380"
}
