{
  "a": 0.0021539301178268556,
  "b": 0,
  "c": 1.1755353268870317,
  "p": 464.26761561276675,
  "q": -545.7629832824165,
  "r": 0.0,
  "text": "log(N)\u00b2 = 464.27 * RMSD + -545.76\nRMSD = 2.153930e-03 * log(N)\u00b2 + 1.176"
}
