{
  "a": 0.004057362406576427,
  "b": 0,
  "c": 1.5342091651702439,
  "p": 246.46553593022338,
  "q": -378.1296841227447,
  "r": 0.0,
  "text": "log(N)\u00b2 = 246.47 * RMSD + -378.13\nRMSD = 4.057362e-03 * log(N)\u00b2 + 1.534"
}
