{
  "a": 0.00520412785151474,
  "b": 0,
  "c": 1.2794314756681096,
  "p": 192.15515616299373,
  "q": -245.84935500685512,
  "r": 0.0,
  "text": "log(N)\u00b2 = 192.16 * RMSD + -245.85\nRMSD = 5.204128e-03 * log(N)\u00b2 + 1.279"
}
