{
  "a": 0.004430315922244567,
  "b": 0,
  "c": 1.5415831846675676,
  "p": 225.71753742865405,
  "q": -347.9623601845854,
  "r": 0.0,
  "text": "log(N)\u00b2 = 225.72 * RMSD + -347.96\nRMSD = 4.430316e-03 * log(N)\u00b2 + 1.542"
}
