{
  "a": 0.007296263379339755,
  "b": 0,
  "c": 1.1442552608528778,
  "p": 137.05645588831402,
  "q": -156.82757068405368,
  "r": 0.0,
  "text": "log(N)\u00b2 = 137.06 * RMSD + -156.83\nRMSD = 7.296263e-03 * log(N)\u00b2 + 1.144"
}
