{
  "a": 0.005258965253474674,
  "b": 0,
  "c": 1.250885082883151,
  "p": 190.15147501483975,
  "q": -237.85764358429125,
  "r": 0.0,
  "text": "log(N)\u00b2 = 190.15 * RMSD + -237.86\nRMSD = 5.258965e-03 * log(N)\u00b2 + 1.251"
}
