{
  "a": 0.004198747304258556,
  "b": 0,
  "c": 1.524114673353075,
  "p": 238.16627378021906,
  "q": -362.99271256625764,
  "r": 0.0,
  "text": "log(N)\u00b2 = 238.17 * RMSD + -362.99\nRMSD = 4.198747e-03 * log(N)\u00b2 + 1.524"
}
