{
  "a": 0.0018807872006146292,
  "b": 0,
  "c": 1.447861440697197,
  "p": 531.6922614494646,
  "q": -769.8167236697725,
  "r": 0.0,
  "text": "log(N)\u00b2 = 531.69 * RMSD + -769.82\nRMSD = 1.880787e-03 * log(N)\u00b2 + 1.448"
}
