{
  "a": 0.001827221760359262,
  "b": 0,
  "c": 1.458823175771409,
  "p": 547.2789464828743,
  "q": -798.3832107409777,
  "r": 0.0,
  "text": "log(N)\u00b2 = 547.28 * RMSD + -798.38\nRMSD = 1.827222e-03 * log(N)\u00b2 + 1.459"
}
