{
  "a": 0.006169083424607236,
  "b": 0,
  "c": 1.0948462354252861,
  "p": 162.09863462231692,
  "q": -177.47307988382263,
  "r": 0.0,
  "text": "log(N)\u00b2 = 162.10 * RMSD + -177.47\nRMSD = 6.169083e-03 * log(N)\u00b2 + 1.095"
}
