{
  "a": 0.0019295513669891965,
  "b": 0,
  "c": 1.4452922863084567,
  "p": 518.2551846548478,
  "q": -749.0302207210165,
  "r": 0.0,
  "text": "log(N)\u00b2 = 518.26 * RMSD + -749.03\nRMSD = 1.929551e-03 * log(N)\u00b2 + 1.445"
}
