{
  "a": 0.0017944732991720014,
  "b": 0,
  "c": 1.5001041841160894,
  "p": 557.2665809301348,
  "q": -835.9579297213625,
  "r": 0.0,
  "text": "log(N)\u00b2 = 557.27 * RMSD + -835.96\nRMSD = 1.794473e-03 * log(N)\u00b2 + 1.500"
}
