{
  "a": 0.005085930988126822,
  "b": 0,
  "c": 1.2420783340662624,
  "p": 196.6208354644438,
  "q": -244.21847975639304,
  "r": 0.0,
  "text": "log(N)\u00b2 = 196.62 * RMSD + -244.22\nRMSD = 5.085931e-03 * log(N)\u00b2 + 1.242"
}
