{
  "a": 0.005543343698352033,
  "b": 0,
  "c": 1.1816910619709493,
  "p": 180.3965358123631,
  "q": -213.17297397999175,
  "r": 0.0,
  "text": "log(N)\u00b2 = 180.40 * RMSD + -213.17\nRMSD = 5.543344e-03 * log(N)\u00b2 + 1.182"
}
