{
  "a": 0.005760641771234422,
  "b": 0,
  "c": 1.1461467860263919,
  "p": 173.59176975618715,
  "q": -198.96164898668732,
  "r": 0.0,
  "text": "log(N)\u00b2 = 173.59 * RMSD + -198.96\nRMSD = 5.760642e-03 * log(N)\u00b2 + 1.146"
}
