{
  "a": 0.004393452304787336,
  "b": 0,
  "c": 1.5104648883284089,
  "p": 227.6114387108169,
  "q": -343.79908635460254,
  "r": 0.0,
  "text": "log(N)\u00b2 = 227.61 * RMSD + -343.80\nRMSD = 4.393452e-03 * log(N)\u00b2 + 1.510"
}
