{
  "a": 0.0017558464616298903,
  "b": 0,
  "c": 1.5445541012687636,
  "p": 569.525879313921,
  "q": -879.6635326730155,
  "r": 0.0,
  "text": "log(N)\u00b2 = 569.53 * RMSD + -879.66\nRMSD = 1.755846e-03 * log(N)\u00b2 + 1.545"
}
