{
  "a": 0.0019261981222268088,
  "b": 0,
  "c": 1.5230661951838658,
  "p": 519.1573953171212,
  "q": -790.711078787214,
  "r": 0.0,
  "text": "log(N)\u00b2 = 519.16 * RMSD + -790.71\nRMSD = 1.926198e-03 * log(N)\u00b2 + 1.523"
}
