{
  "a": 0.002670926815373686,
  "b": 0,
  "c": 1.3252687735377329,
  "p": 374.4018721307013,
  "q": -496.1831098888856,
  "r": 0.0,
  "text": "log(N)\u00b2 = 374.40 * RMSD + -496.18\nRMSD = 2.670927e-03 * log(N)\u00b2 + 1.325"
}
