{
  "a": 0.004579023572152863,
  "b": 0,
  "c": 1.3864700382030424,
  "p": 218.38717015598203,
  "q": -302.7872681492187,
  "r": 0.0,
  "text": "log(N)\u00b2 = 218.39 * RMSD + -302.79\nRMSD = 4.579024e-03 * log(N)\u00b2 + 1.386"
}
