{
  "a": 0.0019669806883547717,
  "b": 0,
  "c": 1.5783224463818974,
  "p": 508.39340005743685,
  "q": -802.4087149030644,
  "r": 0.0,
  "text": "log(N)\u00b2 = 508.39 * RMSD + -802.41\nRMSD = 1.966981e-03 * log(N)\u00b2 + 1.578"
}
