{
  "a": 0.001585971879106074,
  "b": 0,
  "c": 1.6348045220651786,
  "p": 630.528203667549,
  "q": -1030.7903586453428,
  "r": 0.0,
  "text": "log(N)\u00b2 = 630.53 * RMSD + -1030.79\nRMSD = 1.585972e-03 * log(N)\u00b2 + 1.635"
}
