{
  "a": 0.0020793997791261464,
  "b": 0,
  "c": 1.3181701463998219,
  "p": 480.90800529960774,
  "q": -633.9185757506303,
  "r": 0.0,
  "text": "log(N)\u00b2 = 480.91 * RMSD + -633.92\nRMSD = 2.079400e-03 * log(N)\u00b2 + 1.318"
}
