{
  "a": 0.00477241829060728,
  "b": 0,
  "c": 1.3409366321918956,
  "p": 209.53737478714427,
  "q": -280.9763416654043,
  "r": 0.0,
  "text": "log(N)\u00b2 = 209.54 * RMSD + -280.98\nRMSD = 4.772418e-03 * log(N)\u00b2 + 1.341"
}
