{
  "a": 0.005779193386701623,
  "b": 0,
  "c": 1.2478359127858873,
  "p": 173.03452801926966,
  "q": -215.9186982144006,
  "r": 0.0,
  "text": "log(N)\u00b2 = 173.03 * RMSD + -215.92\nRMSD = 5.779193e-03 * log(N)\u00b2 + 1.248"
}
