{
  "a": 0.001804234005546851,
  "b": 0,
  "c": 1.5102003465508944,
  "p": 554.2518303754655,
  "q": -837.0313063094956,
  "r": 0.0,
  "text": "log(N)\u00b2 = 554.25 * RMSD + -837.03\nRMSD = 1.804234e-03 * log(N)\u00b2 + 1.510"
}
