{
  "a": 0.0020114260763308346,
  "b": 0,
  "c": 1.2676125507107698,
  "p": 497.1597076160816,
  "q": -630.2058850818419,
  "r": 0.0,
  "text": "log(N)\u00b2 = 497.16 * RMSD + -630.21\nRMSD = 2.011426e-03 * log(N)\u00b2 + 1.268"
}
