{
  "a": 0.001683665240081384,
  "b": 0,
  "c": 1.5447270773717507,
  "p": 593.9422969566459,
  "q": -917.4787485053042,
  "r": 0.0,
  "text": "log(N)\u00b2 = 593.94 * RMSD + -917.48\nRMSD = 1.683665e-03 * log(N)\u00b2 + 1.545"
}
