{
  "a": 0.001901319075079382,
  "b": 0,
  "c": 1.3314444852379361,
  "p": 525.9506482141873,
  "q": -700.2740900720974,
  "r": 0.0,
  "text": "log(N)\u00b2 = 525.95 * RMSD + -700.27\nRMSD = 1.901319e-03 * log(N)\u00b2 + 1.331"
}
