{
  "a": 0.0018220374921560946,
  "b": 0,
  "c": 1.5306231556723129,
  "p": 548.8361267564574,
  "q": -840.0612842829381,
  "r": 0.0,
  "text": "log(N)\u00b2 = 548.84 * RMSD + -840.06\nRMSD = 1.822037e-03 * log(N)\u00b2 + 1.531"
}
