{
  "a": 0.004843342141661913,
  "b": 0,
  "c": 1.3114937917786322,
  "p": 206.4689982147052,
  "q": -270.78280935333936,
  "r": 0.0,
  "text": "log(N)\u00b2 = 206.47 * RMSD + -270.78\nRMSD = 4.843342e-03 * log(N)\u00b2 + 1.311"
}
