{
  "a": 0.0037827388514638668,
  "b": 0,
  "c": 1.505489435780621,
  "p": 264.3587197707328,
  "q": -397.98925987132776,
  "r": 0.0,
  "text": "log(N)\u00b2 = 264.36 * RMSD + -397.99\nRMSD = 3.782739e-03 * log(N)\u00b2 + 1.505"
}
