{
  "a": 0.00602572853838063,
  "b": 0,
  "c": 1.1197725609759226,
  "p": 165.95503657865453,
  "q": -185.8318963165329,
  "r": 0.0,
  "text": "log(N)\u00b2 = 165.96 * RMSD + -185.83\nRMSD = 6.025729e-03 * log(N)\u00b2 + 1.120"
}
