{
  "a": 0.0028878559541812556,
  "b": 0,
  "c": 1.3735345125393685,
  "p": 346.277659227471,
  "q": -475.624315870278,
  "r": 0.0,
  "text": "log(N)\u00b2 = 346.28 * RMSD + -475.62\nRMSD = 2.887856e-03 * log(N)\u00b2 + 1.374"
}
