{
  "a": 0.007272660269439652,
  "b": 0,
  "c": 1.3360627227092015,
  "p": 137.50126679257747,
  "q": -183.71031688685537,
  "r": 0.0,
  "text": "log(N)\u00b2 = 137.50 * RMSD + -183.71\nRMSD = 7.272660e-03 * log(N)\u00b2 + 1.336"
}
