{
  "a": 0.0019652887369896923,
  "b": 0,
  "c": 1.4810963066240417,
  "p": 508.8310848062652,
  "q": -753.6278404020641,
  "r": 0.0,
  "text": "log(N)\u00b2 = 508.83 * RMSD + -753.63\nRMSD = 1.965289e-03 * log(N)\u00b2 + 1.481"
}
