{
  "a": 0.007634369577120675,
  "b": 0,
  "c": 1.1523888561632547,
  "p": 130.98658506091775,
  "q": -150.94748093108186,
  "r": 0.0,
  "text": "log(N)\u00b2 = 130.99 * RMSD + -150.95\nRMSD = 7.634370e-03 * log(N)\u00b2 + 1.152"
}
