{
  "a": 0.005049311249009635,
  "b": 0,
  "c": 1.340945613366685,
  "p": 198.046812859108,
  "q": -265.57000494467366,
  "r": 0.0,
  "text": "log(N)\u00b2 = 198.05 * RMSD + -265.57\nRMSD = 5.049311e-03 * log(N)\u00b2 + 1.341"
}
