{
  "a": 0.001837383931908021,
  "b": 0,
  "c": 1.5801822757578345,
  "p": 544.2520654687318,
  "q": -860.0174673982825,
  "r": 0.0,
  "text": "log(N)\u00b2 = 544.25 * RMSD + -860.02\nRMSD = 1.837384e-03 * log(N)\u00b2 + 1.580"
}
