{
  "a": 0.005140190839872474,
  "b": 0,
  "c": 1.3473003080908978,
  "p": 194.54530603085732,
  "q": -262.1109507530121,
  "r": 0.0,
  "text": "log(N)\u00b2 = 194.55 * RMSD + -262.11\nRMSD = 5.140191e-03 * log(N)\u00b2 + 1.347"
}
