{
  "a": 0.005514495911240466,
  "b": 0,
  "c": 1.447800751564586,
  "p": 181.34023781968017,
  "q": -262.54453260423367,
  "r": 0.0,
  "text": "log(N)\u00b2 = 181.34 * RMSD + -262.54\nRMSD = 5.514496e-03 * log(N)\u00b2 + 1.448"
}
