{
  "a": 0.005189255132910729,
  "b": 0,
  "c": 1.3267442655988189,
  "p": 192.70588444532413,
  "q": -255.6714271349824,
  "r": 0.0,
  "text": "log(N)\u00b2 = 192.71 * RMSD + -255.67\nRMSD = 5.189255e-03 * log(N)\u00b2 + 1.327"
}
