{
  "a": 0.004493413668770664,
  "b": 0,
  "c": 1.5647685053751175,
  "p": 222.54794989164358,
  "q": -348.23602292624366,
  "r": 0.0,
  "text": "log(N)\u00b2 = 222.55 * RMSD + -348.24\nRMSD = 4.493414e-03 * log(N)\u00b2 + 1.565"
}
