{
  "a": 0.006639732695035744,
  "b": 0,
  "c": 1.1452914078651355,
  "p": 150.60847264945755,
  "q": -172.49058967711503,
  "r": 0.0,
  "text": "log(N)\u00b2 = 150.61 * RMSD + -172.49\nRMSD = 6.639733e-03 * log(N)\u00b2 + 1.145"
}
