{
  "a": 0.004724793166342816,
  "b": 0,
  "c": 1.3875626479982024,
  "p": 211.64947645190597,
  "q": -293.6769079930398,
  "r": 0.0,
  "text": "log(N)\u00b2 = 211.65 * RMSD + -293.68\nRMSD = 4.724793e-03 * log(N)\u00b2 + 1.388"
}
