{
  "a": 0.0060420032830029915,
  "b": 0,
  "c": 1.170531065022663,
  "p": 165.50801996634812,
  "q": -193.73227888100166,
  "r": 0.0,
  "text": "log(N)\u00b2 = 165.51 * RMSD + -193.73\nRMSD = 6.042003e-03 * log(N)\u00b2 + 1.171"
}
