{
  "a": 0.0024861659412908424,
  "b": 0,
  "c": 1.3377713019131177,
  "p": 402.22576594416296,
  "q": -538.0860865701238,
  "r": 0.0,
  "text": "log(N)\u00b2 = 402.23 * RMSD + -538.09\nRMSD = 2.486166e-03 * log(N)\u00b2 + 1.338"
}
