{
  "a": 0.0019483832732889773,
  "b": 0,
  "c": 1.520765398702475,
  "p": 513.2460402988091,
  "q": -780.5268191074849,
  "r": 0.0,
  "text": "log(N)\u00b2 = 513.25 * RMSD + -780.53\nRMSD = 1.948383e-03 * log(N)\u00b2 + 1.521"
}
