{
  "a": 0.0025226109440104083,
  "b": 0,
  "c": 1.4764732460260377,
  "p": 396.4146759825815,
  "q": -585.295663420362,
  "r": 0.0,
  "text": "log(N)\u00b2 = 396.41 * RMSD + -585.30\nRMSD = 2.522611e-03 * log(N)\u00b2 + 1.476"
}
