{
  "a": 0.004862291447817797,
  "b": 0,
  "c": 1.3233554920726425,
  "p": 205.66434791744155,
  "q": -272.167044340085,
  "r": 0.0,
  "text": "log(N)\u00b2 = 205.66 * RMSD + -272.17\nRMSD = 4.862291e-03 * log(N)\u00b2 + 1.323"
}
