{
  "a": 0.0018732312420683926,
  "b": 0,
  "c": 1.4312161663242198,
  "p": 533.8369217544202,
  "q": -764.0360325956838,
  "r": 0.0,
  "text": "log(N)\u00b2 = 533.84 * RMSD + -764.04\nRMSD = 1.873231e-03 * log(N)\u00b2 + 1.431"
}
