{
  "a": 0.0048773480877296015,
  "b": 0,
  "c": 1.4884883377755445,
  "p": 205.029450843542,
  "q": -305.1839464811366,
  "r": 0.0,
  "text": "log(N)\u00b2 = 205.03 * RMSD + -305.18\nRMSD = 4.877348e-03 * log(N)\u00b2 + 1.488"
}
