{
  "a": 0.0022129840570913007,
  "b": 0,
  "c": 1.2061671366697564,
  "p": 451.87853784829286,
  "q": -545.0410421189916,
  "r": 0.0,
  "text": "log(N)\u00b2 = 451.88 * RMSD + -545.04\nRMSD = 2.212984e-03 * log(N)\u00b2 + 1.206"
}
