{
  "a": 0.0017581584837020484,
  "b": 0,
  "c": 1.4614181807850568,
  "p": 568.7769386377275,
  "q": -831.2209589364417,
  "r": 0.0,
  "text": "log(N)\u00b2 = 568.78 * RMSD + -831.22\nRMSD = 1.758158e-03 * log(N)\u00b2 + 1.461"
}
