{
  "a": 0.001692551225501781,
  "b": 0,
  "c": 1.5737333500392874,
  "p": 590.824067793597,
  "q": -929.7995394926565,
  "r": 0.0,
  "text": "log(N)\u00b2 = 590.82 * RMSD + -929.80\nRMSD = 1.692551e-03 * log(N)\u00b2 + 1.574"
}
