{
  "a": 0.002190449829126555,
  "b": 0,
  "c": 1.4161914501042066,
  "p": 456.52723322074513,
  "q": -646.5299644269484,
  "r": 0.0,
  "text": "log(N)\u00b2 = 456.53 * RMSD + -646.53\nRMSD = 2.190450e-03 * log(N)\u00b2 + 1.416"
}
