{
  "a": 0.004849639124590986,
  "b": 0,
  "c": 1.376676642406268,
  "p": 206.20090986344042,
  "q": -283.8719762519186,
  "r": 0.0,
  "text": "log(N)\u00b2 = 206.20 * RMSD + -283.87\nRMSD = 4.849639e-03 * log(N)\u00b2 + 1.377"
}
