{
  "a": 0.0018192282522162806,
  "b": 0,
  "c": 1.4858763947822915,
  "p": 549.6836357844304,
  "q": -816.7619390101918,
  "r": 0.0,
  "text": "log(N)\u00b2 = 549.68 * RMSD + -816.76\nRMSD = 1.819228e-03 * log(N)\u00b2 + 1.486"
}
