{
  "a": 0.002320966686968387,
  "b": 0,
  "c": 1.2171546027823894,
  "p": 430.85495608994955,
  "q": -524.4170929364864,
  "r": 0.0,
  "text": "log(N)\u00b2 = 430.85 * RMSD + -524.42\nRMSD = 2.320967e-03 * log(N)\u00b2 + 1.217"
}
