{
  "a": 0.005090277374547359,
  "b": 0,
  "c": 1.3491378280195845,
  "p": 196.45294871360966,
  "q": -265.0421045355221,
  "r": 0.0,
  "text": "log(N)\u00b2 = 196.45 * RMSD + -265.04\nRMSD = 5.090277e-03 * log(N)\u00b2 + 1.349"
}
