{
  "a": 0.00645813605056331,
  "b": 0,
  "c": 1.3219828550225392,
  "p": 154.84343968145038,
  "q": -204.7003724715941,
  "r": 0.0,
  "text": "log(N)\u00b2 = 154.84 * RMSD + -204.70\nRMSD = 6.458136e-03 * log(N)\u00b2 + 1.322"
}
