{
  "a": 0.002132725005547994,
  "b": 0,
  "c": 1.1536005785810794,
  "p": 468.88370389930066,
  "q": -540.9045121054727,
  "r": 0.0,
  "text": "log(N)\u00b2 = 468.88 * RMSD + -540.90\nRMSD = 2.132725e-03 * log(N)\u00b2 + 1.154"
}
