{
  "a": 0.004639865639199656,
  "b": 0,
  "c": 1.3804641318836577,
  "p": 215.5234823076672,
  "q": -297.52243690439667,
  "r": 0.0,
  "text": "log(N)\u00b2 = 215.52 * RMSD + -297.52\nRMSD = 4.639866e-03 * log(N)\u00b2 + 1.380"
}
