{
  "a": 0.0035333946158898,
  "b": 0,
  "c": 1.3502431211492962,
  "p": 283.01395929652597,
  "q": -382.13765172936115,
  "r": 0.0,
  "text": "log(N)\u00b2 = 283.01 * RMSD + -382.14\nRMSD = 3.533395e-03 * log(N)\u00b2 + 1.350"
}
