{
  "a": 0.0027887209017240745,
  "b": 0,
  "c": 1.367828074229804,
  "p": 358.5873363597514,
  "q": -490.48582573615374,
  "r": 0.0,
  "text": "log(N)\u00b2 = 358.59 * RMSD + -490.49\nRMSD = 2.788721e-03 * log(N)\u00b2 + 1.368"
}
