{
  "a": 0.007557943288908473,
  "b": 0,
  "c": 1.3085146016778972,
  "p": 132.31112774655674,
  "q": -173.13104262083903,
  "r": 0.0,
  "text": "log(N)\u00b2 = 132.31 * RMSD + -173.13\nRMSD = 7.557943e-03 * log(N)\u00b2 + 1.309"
}
