{
  "a": 0.0018053443974902492,
  "b": 0,
  "c": 1.470531874339368,
  "p": 553.9109332214831,
  "q": -814.543682847256,
  "r": 0.0,
  "text": "log(N)\u00b2 = 553.91 * RMSD + -814.54\nRMSD = 1.805344e-03 * log(N)\u00b2 + 1.471"
}
