{
  "a": 0.005396331857763558,
  "b": 0,
  "c": 1.1890649417505186,
  "p": 185.3110643225781,
  "q": -220.3468899044529,
  "r": 0.0,
  "text": "log(N)\u00b2 = 185.31 * RMSD + -220.35\nRMSD = 5.396332e-03 * log(N)\u00b2 + 1.189"
}
