{
  "a": 0.004794784903769168,
  "b": 0,
  "c": 1.5703796486594535,
  "p": 208.55992918762686,
  "q": -327.518268322106,
  "r": 0.0,
  "text": "log(N)\u00b2 = 208.56 * RMSD + -327.52\nRMSD = 4.794785e-03 * log(N)\u00b2 + 1.570"
}
