{
  "a": 0.0020143166064239084,
  "b": 0,
  "c": 1.354232648974691,
  "p": 496.4462869495662,
  "q": -672.3037702493606,
  "r": 0.0,
  "text": "log(N)\u00b2 = 496.45 * RMSD + -672.30\nRMSD = 2.014317e-03 * log(N)\u00b2 + 1.354"
}
