{
  "a": 0.005749179483601484,
  "b": 0,
  "c": 1.5281940973744672,
  "p": 173.93786415127983,
  "q": -265.8108173059078,
  "r": 0.0,
  "text": "log(N)\u00b2 = 173.94 * RMSD + -265.81\nRMSD = 5.749179e-03 * log(N)\u00b2 + 1.528"
}
