{
  "a": 0.004472588876790559,
  "b": 0,
  "c": 1.4230719829941691,
  "p": 223.58415395371196,
  "q": -318.1763453329825,
  "r": 0.0,
  "text": "log(N)\u00b2 = 223.58 * RMSD + -318.18\nRMSD = 4.472589e-03 * log(N)\u00b2 + 1.423"
}
