{
  "a": 0.004563740549140195,
  "b": 0,
  "c": 1.5471860428101825,
  "p": 219.1185036117794,
  "q": -339.01709050959767,
  "r": 0.0,
  "text": "log(N)\u00b2 = 219.12 * RMSD + -339.02\nRMSD = 4.563741e-03 * log(N)\u00b2 + 1.547"
}
