{
  "a": 0.001780342541512146,
  "b": 0,
  "c": 1.4190590552587372,
  "p": 561.6896617830877,
  "q": -797.070800798508,
  "r": 0.0,
  "text": "log(N)\u00b2 = 561.69 * RMSD + -797.07\nRMSD = 1.780343e-03 * log(N)\u00b2 + 1.419"
}
