{
  "a": 0.0057430011965280345,
  "b": 0,
  "c": 1.174295657835826,
  "p": 174.12498548747578,
  "q": -204.474214378669,
  "r": 0.0,
  "text": "log(N)\u00b2 = 174.12 * RMSD + -204.47\nRMSD = 5.743001e-03 * log(N)\u00b2 + 1.174"
}
