{
  "a": 0.0062087511949534165,
  "b": 0,
  "c": 1.1375634700499833,
  "p": 161.06298490633958,
  "q": -183.21936800666373,
  "r": 0.0,
  "text": "log(N)\u00b2 = 161.06 * RMSD + -183.22\nRMSD = 6.208751e-03 * log(N)\u00b2 + 1.138"
}
