{
  "a": 0.005832013464816835,
  "b": 0,
  "c": 1.15831537717163,
  "p": 171.46736817957722,
  "q": -198.61328924555372,
  "r": 0.0,
  "text": "log(N)\u00b2 = 171.47 * RMSD + -198.61\nRMSD = 5.832013e-03 * log(N)\u00b2 + 1.158"
}
