{
  "a": 0.004475483478332944,
  "b": 0,
  "c": 1.4705786920347612,
  "p": 223.43954677551088,
  "q": -328.58543644597063,
  "r": 0.0,
  "text": "log(N)\u00b2 = 223.44 * RMSD + -328.59\nRMSD = 4.475483e-03 * log(N)\u00b2 + 1.471"
}
