{
  "a": 0.0021365652801101816,
  "b": 0,
  "c": 1.1423072943483148,
  "p": 468.04092966840244,
  "q": -534.6465680137826,
  "r": 0.0,
  "text": "log(N)\u00b2 = 468.04 * RMSD + -534.65\nRMSD = 2.136565e-03 * log(N)\u00b2 + 1.142"
}
