{
  "a": 0.0018130424078510558,
  "b": 0,
  "c": 1.3407886142104541,
  "p": 551.5590786347186,
  "q": -739.5241326978391,
  "r": 0.0,
  "text": "log(N)\u00b2 = 551.56 * RMSD + -739.52\nRMSD = 1.813042e-03 * log(N)\u00b2 + 1.341"
}
