{
  "a": 0.0017823841810850787,
  "b": 0,
  "c": 1.501483898159007,
  "p": 561.0462719609757,
  "q": -842.4019434715442,
  "r": 0.0,
  "text": "log(N)\u00b2 = 561.05 * RMSD + -842.40\nRMSD = 1.782384e-03 * log(N)\u00b2 + 1.501"
}
