{
  "a": 0.001959315857005149,
  "b": 0,
  "c": 1.3293460956671554,
  "p": 510.3822318513355,
  "q": -678.4746272094617,
  "r": 0.0,
  "text": "log(N)\u00b2 = 510.38 * RMSD + -678.47\nRMSD = 1.959316e-03 * log(N)\u00b2 + 1.329"
}
