{
  "a": 0.006733603770080202,
  "b": 0,
  "c": 1.0943907334990113,
  "p": 148.50888679303583,
  "q": -162.52674954855212,
  "r": 0.0,
  "text": "log(N)\u00b2 = 148.51 * RMSD + -162.53\nRMSD = 6.733604e-03 * log(N)\u00b2 + 1.094"
}
