{
  "a": 0.0019165490028860933,
  "b": 0,
  "c": 1.2881578063170473,
  "p": 521.7711618613037,
  "q": -672.123595262754,
  "r": 0.0,
  "text": "log(N)\u00b2 = 521.77 * RMSD + -672.12\nRMSD = 1.916549e-03 * log(N)\u00b2 + 1.288"
}
