{
  "a": 0.004904249159980567,
  "b": 0,
  "c": 1.489208550747803,
  "p": 203.90481139501534,
  "q": -303.65678866807485,
  "r": 0.0,
  "text": "log(N)\u00b2 = 203.90 * RMSD + -303.66\nRMSD = 4.904249e-03 * log(N)\u00b2 + 1.489"
}
