{
  "a": 0.0026998249500363772,
  "b": 0,
  "c": 1.412293714574135,
  "p": 370.39438426796005,
  "q": -523.1056608151969,
  "r": 0.0,
  "text": "log(N)\u00b2 = 370.39 * RMSD + -523.11\nRMSD = 2.699825e-03 * log(N)\u00b2 + 1.412"
}
