{
  "a": 0.005135348055436885,
  "b": 0,
  "c": 1.439274020026574,
  "p": 194.72876798317148,
  "q": -280.26805670996123,
  "r": 0.0,
  "text": "log(N)\u00b2 = 194.73 * RMSD + -280.27\nRMSD = 5.135348e-03 * log(N)\u00b2 + 1.439"
}
