{
  "a": 0.002136999910085886,
  "b": 0,
  "c": 1.227799590618839,
  "p": 467.94573798545923,
  "q": -574.5435855303773,
  "r": 0.0,
  "text": "log(N)\u00b2 = 467.95 * RMSD + -574.54\nRMSD = 2.137000e-03 * log(N)\u00b2 + 1.228"
}
