{
  "a": 0.002719959431684561,
  "b": 0,
  "c": 1.506422961706404,
  "p": 367.6525422957014,
  "q": -553.8402316439795,
  "r": 0.0,
  "text": "log(N)\u00b2 = 367.65 * RMSD + -553.84\nRMSD = 2.719959e-03 * log(N)\u00b2 + 1.506"
}
