{
  "a": 0.003982026959892472,
  "b": 0,
  "c": 1.514304183864845,
  "p": 251.12838513454042,
  "q": -380.28476429645673,
  "r": 0.0,
  "text": "log(N)\u00b2 = 251.13 * RMSD + -380.28\nRMSD = 3.982027e-03 * log(N)\u00b2 + 1.514"
}
