{
  "a": 0.005403552752083108,
  "b": 0,
  "c": 1.324106000178296,
  "p": 185.06342879959723,
  "q": -245.04359648711556,
  "r": 0.0,
  "text": "log(N)\u00b2 = 185.06 * RMSD + -245.04\nRMSD = 5.403553e-03 * log(N)\u00b2 + 1.324"
}
