{
  "a": 0.004384862724540445,
  "b": 0,
  "c": 1.4219737708027613,
  "p": 228.0573105295571,
  "q": -324.2915138128506,
  "r": 0.0,
  "text": "log(N)\u00b2 = 228.06 * RMSD + -324.29\nRMSD = 4.384863e-03 * log(N)\u00b2 + 1.422"
}
