{
  "a": 0.005962272336711002,
  "b": 0,
  "c": 1.2794143330088323,
  "p": 167.72128871785736,
  "q": -214.58502073633923,
  "r": 0.0,
  "text": "log(N)\u00b2 = 167.72 * RMSD + -214.59\nRMSD = 5.962272e-03 * log(N)\u00b2 + 1.279"
}
