{
  "a": 0.002265231384334084,
  "b": 0,
  "c": 1.391760517178524,
  "p": 441.45600617924185,
  "q": -614.4010394715874,
  "r": 0.0,
  "text": "log(N)\u00b2 = 441.46 * RMSD + -614.40\nRMSD = 2.265231e-03 * log(N)\u00b2 + 1.392"
}
