{
  "a": 0.006483688878515077,
  "b": 0,
  "c": 1.1200172033903129,
  "p": 154.23318711570016,
  "q": -172.74382290330132,
  "r": 0.0,
  "text": "log(N)\u00b2 = 154.23 * RMSD + -172.74\nRMSD = 6.483689e-03 * log(N)\u00b2 + 1.120"
}
