{
  "a": 0.0018626942212489326,
  "b": 0,
  "c": 1.4626783366677825,
  "p": 536.8567683264203,
  "q": -785.2487649245293,
  "r": 0.0,
  "text": "log(N)\u00b2 = 536.86 * RMSD + -785.25\nRMSD = 1.862694e-03 * log(N)\u00b2 + 1.463"
}
