{
  "a": 0.0035070819767068634,
  "b": 0,
  "c": 1.6250910328495423,
  "p": 285.1373325863903,
  "q": -463.3741223167804,
  "r": 0.0,
  "text": "log(N)\u00b2 = 285.14 * RMSD + -463.37\nRMSD = 3.507082e-03 * log(N)\u00b2 + 1.625"
}
