{
  "a": 0.001792088056681979,
  "b": 0,
  "c": 1.4934827020531707,
  "p": 558.008294442564,
  "q": -833.3757353521618,
  "r": 0.0,
  "text": "log(N)\u00b2 = 558.01 * RMSD + -833.38\nRMSD = 1.792088e-03 * log(N)\u00b2 + 1.493"
}
