{
  "a": 0.0023779938119132898,
  "b": 0,
  "c": 1.67424821212072,
  "p": 420.5225408872778,
  "q": -704.0591122369873,
  "r": 0.0,
  "text": "log(N)\u00b2 = 420.52 * RMSD + -704.06\nRMSD = 2.377994e-03 * log(N)\u00b2 + 1.674"
}
