{
  "a": 0.0017354057140618775,
  "b": 0,
  "c": 1.489567956093801,
  "p": 576.2341289400318,
  "q": -858.3398936766952,
  "r": 0.0,
  "text": "log(N)\u00b2 = 576.23 * RMSD + -858.34\nRMSD = 1.735406e-03 * log(N)\u00b2 + 1.490"
}
