{
  "a": 0.002387371892085097,
  "b": 0,
  "c": 1.4897932174378812,
  "p": 418.87064320197476,
  "q": -624.0306432261447,
  "r": 0.0,
  "text": "log(N)\u00b2 = 418.87 * RMSD + -624.03\nRMSD = 2.387372e-03 * log(N)\u00b2 + 1.490"
}
