{
  "a": 0.004132025196815792,
  "b": 0,
  "c": 1.5177922403058925,
  "p": 242.0120769763497,
  "q": -367.32405249501596,
  "r": 0.0,
  "text": "log(N)\u00b2 = 242.01 * RMSD + -367.32\nRMSD = 4.132025e-03 * log(N)\u00b2 + 1.518"
}
