{
  "a": 0.0017409872193842213,
  "b": 0,
  "c": 1.6737700045955084,
  "p": 574.3867553224745,
  "q": -961.3913220956973,
  "r": 0.0,
  "text": "log(N)\u00b2 = 574.39 * RMSD + -961.39\nRMSD = 1.740987e-03 * log(N)\u00b2 + 1.674"
}
