{
  "a": 0.004687548052844896,
  "b": 0,
  "c": 1.4114698865204665,
  "p": 213.33114641738877,
  "q": -301.11048902503273,
  "r": 0.0,
  "text": "log(N)\u00b2 = 213.33 * RMSD + -301.11\nRMSD = 4.687548e-03 * log(N)\u00b2 + 1.411"
}
