{
  "a": 0.0019442106559809,
  "b": 0,
  "c": 1.1918680546795164,
  "p": 514.3475563842522,
  "q": -613.0344214568615,
  "r": 0.0,
  "text": "log(N)\u00b2 = 514.35 * RMSD + -613.03\nRMSD = 1.944211e-03 * log(N)\u00b2 + 1.192"
}
