{
  "a": 0.005942217599072051,
  "b": 0,
  "c": 1.3907118742745181,
  "p": 168.28734110244667,
  "q": -234.0392035612588,
  "r": 0.0,
  "text": "log(N)\u00b2 = 168.29 * RMSD + -234.04\nRMSD = 5.942218e-03 * log(N)\u00b2 + 1.391"
}
