{
  "a": 0.005570988293183105,
  "b": 0,
  "c": 1.2322585596273756,
  "p": 179.5013644569388,
  "q": -221.192092816856,
  "r": 0.0,
  "text": "log(N)\u00b2 = 179.50 * RMSD + -221.19\nRMSD = 5.570988e-03 * log(N)\u00b2 + 1.232"
}
