{
  "a": 0.0020829300142892787,
  "b": 0,
  "c": 1.200344298787476,
  "p": 480.0929427008196,
  "q": -576.2768266590311,
  "r": 0.0,
  "text": "log(N)\u00b2 = 480.09 * RMSD + -576.28\nRMSD = 2.082930e-03 * log(N)\u00b2 + 1.200"
}
