{
  "a": 0.002433627290508272,
  "b": 0,
  "c": 1.5202270709400567,
  "p": 410.90926449593945,
  "q": -624.6753875867951,
  "r": 0.0,
  "text": "log(N)\u00b2 = 410.91 * RMSD + -624.68\nRMSD = 2.433627e-03 * log(N)\u00b2 + 1.520"
}
