{
  "a": 0.004815794673091817,
  "b": 0,
  "c": 1.4098552892249563,
  "p": 207.65004903292194,
  "q": -292.7565199368865,
  "r": 0.0,
  "text": "log(N)\u00b2 = 207.65 * RMSD + -292.76\nRMSD = 4.815795e-03 * log(N)\u00b2 + 1.410"
}
