{
  "a": 0.0017864177316750127,
  "b": 0,
  "c": 1.417492895326061,
  "p": 559.7794862136541,
  "q": -793.4834446571274,
  "r": 0.0,
  "text": "log(N)\u00b2 = 559.78 * RMSD + -793.48\nRMSD = 1.786418e-03 * log(N)\u00b2 + 1.417"
}
