{
  "a": 0.004964627130318057,
  "b": 0,
  "c": 1.404194900056321,
  "p": 201.42499602703,
  "q": -282.83995216502024,
  "r": 0.0,
  "text": "log(N)\u00b2 = 201.42 * RMSD + -282.84\nRMSD = 4.964627e-03 * log(N)\u00b2 + 1.404"
}
