{
  "a": 0.0019626324889125578,
  "b": 0,
  "c": 1.5429656874644033,
  "p": 509.5197423100202,
  "q": -786.171479470066,
  "r": 0.0,
  "text": "log(N)\u00b2 = 509.52 * RMSD + -786.17\nRMSD = 1.962632e-03 * log(N)\u00b2 + 1.543"
}
