{
  "a": 0.0020972834786527166,
  "b": 0,
  "c": 1.1707511608597367,
  "p": 476.8072652927179,
  "q": -558.2226593478059,
  "r": 0.0,
  "text": "log(N)\u00b2 = 476.81 * RMSD + -558.22\nRMSD = 2.097283e-03 * log(N)\u00b2 + 1.171"
}
