{
  "a": 0.005132588898026387,
  "b": 0,
  "c": 1.3449112332006807,
  "p": 194.83344952574046,
  "q": -262.0336948704062,
  "r": 0.0,
  "text": "log(N)\u00b2 = 194.83 * RMSD + -262.03\nRMSD = 5.132589e-03 * log(N)\u00b2 + 1.345"
}
