{
  "a": 0.004786148645824864,
  "b": 0,
  "c": 1.4552184368456231,
  "p": 208.93626044655704,
  "q": -304.0478983274087,
  "r": 0.0,
  "text": "log(N)\u00b2 = 208.94 * RMSD + -304.05\nRMSD = 4.786149e-03 * log(N)\u00b2 + 1.455"
}
