{
  "a": 0.005053175762135546,
  "b": 0,
  "c": 1.3981869732210894,
  "p": 197.8953527587937,
  "q": -276.69470428833756,
  "r": 0.0,
  "text": "log(N)\u00b2 = 197.90 * RMSD + -276.69\nRMSD = 5.053176e-03 * log(N)\u00b2 + 1.398"
}
