{
  "a": 0.0019164156047680072,
  "b": 0,
  "c": 1.2793894579434508,
  "p": 521.8074813793095,
  "q": -667.594990752712,
  "r": 0.0,
  "text": "log(N)\u00b2 = 521.81 * RMSD + -667.59\nRMSD = 1.916416e-03 * log(N)\u00b2 + 1.279"
}
