{
  "a": 0.0021569988155779513,
  "b": 0,
  "c": 1.4057410530653576,
  "p": 463.60711595108484,
  "q": -651.7115553856713,
  "r": 0.0,
  "text": "log(N)\u00b2 = 463.61 * RMSD + -651.71\nRMSD = 2.156999e-03 * log(N)\u00b2 + 1.406"
}
