{
  "a": 0.004795244424618319,
  "b": 0,
  "c": 1.3991585277198861,
  "p": 208.539943212508,
  "q": -291.7804399160014,
  "r": 0.0,
  "text": "log(N)\u00b2 = 208.54 * RMSD + -291.78\nRMSD = 4.795244e-03 * log(N)\u00b2 + 1.399"
}
