{
  "a": 0.0051574077375276155,
  "b": 0,
  "c": 1.2790369509115453,
  "p": 193.8958583250168,
  "q": -247.9999674264065,
  "r": 0.0,
  "text": "log(N)\u00b2 = 193.90 * RMSD + -248.00\nRMSD = 5.157408e-03 * log(N)\u00b2 + 1.279"
}
