{
  "a": 0.0050435289922965915,
  "b": 0,
  "c": 1.479384983650939,
  "p": 198.27386766832998,
  "q": -293.32338247892073,
  "r": 0.0,
  "text": "log(N)\u00b2 = 198.27 * RMSD + -293.32\nRMSD = 5.043529e-03 * log(N)\u00b2 + 1.479"
}
