{
  "a": 0.00444352302305935,
  "b": 0,
  "c": 1.3577747603629073,
  "p": 225.04665663046424,
  "q": -305.5626702769021,
  "r": 0.0,
  "text": "log(N)\u00b2 = 225.05 * RMSD + -305.56\nRMSD = 4.443523e-03 * log(N)\u00b2 + 1.358"
}
