{
  "a": 0.0017182084427569172,
  "b": 0,
  "c": 1.6265119437980893,
  "p": 582.0015634398059,
  "q": -946.6324942440057,
  "r": 0.0,
  "text": "log(N)\u00b2 = 582.00 * RMSD + -946.63\nRMSD = 1.718208e-03 * log(N)\u00b2 + 1.627"
}
