{
  "a": 0.00531263912103574,
  "b": 0,
  "c": 1.3171005257772452,
  "p": 188.2303648370233,
  "q": -247.91831249408605,
  "r": 0.0,
  "text": "log(N)\u00b2 = 188.23 * RMSD + -247.92\nRMSD = 5.312639e-03 * log(N)\u00b2 + 1.317"
}
