{
  "a": 0.002521193170828035,
  "b": 0,
  "c": 1.511006236833139,
  "p": 396.63759666284125,
  "q": -599.3218823200602,
  "r": 0.0,
  "text": "log(N)\u00b2 = 396.64 * RMSD + -599.32\nRMSD = 2.521193e-03 * log(N)\u00b2 + 1.511"
}
