{
  "a": 0.005388523791805177,
  "b": 0,
  "c": 1.3154718292392933,
  "p": 185.57958332127842,
  "q": -244.12471394110796,
  "r": 0.0,
  "text": "log(N)\u00b2 = 185.58 * RMSD + -244.12\nRMSD = 5.388524e-03 * log(N)\u00b2 + 1.315"
}
