{
  "a": 0.001972588900584324,
  "b": 0,
  "c": 1.455213421692326,
  "p": 506.9480010273697,
  "q": -737.7175351951236,
  "r": 0.0,
  "text": "log(N)\u00b2 = 506.95 * RMSD + -737.72\nRMSD = 1.972589e-03 * log(N)\u00b2 + 1.455"
}
