{
  "a": 0.006693706744151814,
  "b": 0,
  "c": 1.3454629235725304,
  "p": 149.39405597260208,
  "q": -201.00416331325542,
  "r": 0.0,
  "text": "log(N)\u00b2 = 149.39 * RMSD + -201.00\nRMSD = 6.693707e-03 * log(N)\u00b2 + 1.345"
}
