{
  "a": 0.0018815564734898467,
  "b": 0,
  "c": 1.6254022134231174,
  "p": 531.4748794891254,
  "q": -863.860445500409,
  "r": 0.0,
  "text": "log(N)\u00b2 = 531.47 * RMSD + -863.86\nRMSD = 1.881556e-03 * log(N)\u00b2 + 1.625"
}
