{
  "a": 0.005915210772287351,
  "b": 0,
  "c": 1.1400363728811718,
  "p": 169.05568347369476,
  "q": -192.72962820229844,
  "r": 0.0,
  "text": "log(N)\u00b2 = 169.06 * RMSD + -192.73\nRMSD = 5.915211e-03 * log(N)\u00b2 + 1.140"
}
