{
  "a": 0.006060217476946026,
  "b": 0,
  "c": 1.1267220008567522,
  "p": 165.0105798684865,
  "q": -185.92105071195402,
  "r": 0.0,
  "text": "log(N)\u00b2 = 165.01 * RMSD + -185.92\nRMSD = 6.060217e-03 * log(N)\u00b2 + 1.127"
}
