{
  "a": 0.006809780147423918,
  "b": 0,
  "c": 1.1316600011978515,
  "p": 146.84761891737304,
  "q": -166.18157659993602,
  "r": 0.0,
  "text": "log(N)\u00b2 = 146.85 * RMSD + -166.18\nRMSD = 6.809780e-03 * log(N)\u00b2 + 1.132"
}
