{
  "a": 0.004219179693005294,
  "b": 0,
  "c": 1.3907589442292843,
  "p": 237.01289652532117,
  "q": -329.6278057402803,
  "r": 0.0,
  "text": "log(N)\u00b2 = 237.01 * RMSD + -329.63\nRMSD = 4.219180e-03 * log(N)\u00b2 + 1.391"
}
