{
  "a": 0.004714335142877963,
  "b": 0,
  "c": 1.407925743761708,
  "p": 212.11898808482448,
  "q": -298.64778406530746,
  "r": 0.0,
  "text": "log(N)\u00b2 = 212.12 * RMSD + -298.65\nRMSD = 4.714335e-03 * log(N)\u00b2 + 1.408"
}
