{
  "a": 0.0019289624385575436,
  "b": 0,
  "c": 1.361098070306576,
  "p": 518.4134123149587,
  "q": -705.6114951229375,
  "r": 0.0,
  "text": "log(N)\u00b2 = 518.41 * RMSD + -705.61\nRMSD = 1.928962e-03 * log(N)\u00b2 + 1.361"
}
