{
  "a": 0.002497973017626852,
  "b": 0,
  "c": 1.3985164670893324,
  "p": 400.32458034716063,
  "q": -559.8605177961307,
  "r": 0.0,
  "text": "log(N)\u00b2 = 400.32 * RMSD + -559.86\nRMSD = 2.497973e-03 * log(N)\u00b2 + 1.399"
}
