{
  "a": 0.0029077711866603412,
  "b": 0,
  "c": 1.3747971938704557,
  "p": 343.90601454048,
  "q": -472.80102374542406,
  "r": 0.0,
  "text": "log(N)\u00b2 = 343.91 * RMSD + -472.80\nRMSD = 2.907771e-03 * log(N)\u00b2 + 1.375"
}
