{
  "a": 0.005059207535169532,
  "b": 0,
  "c": 1.2484269643373302,
  "p": 197.65941465109125,
  "q": -246.7633430055555,
  "r": 0.0,
  "text": "log(N)\u00b2 = 197.66 * RMSD + -246.76\nRMSD = 5.059208e-03 * log(N)\u00b2 + 1.248"
}
