{
  "a": 0.004601942084554825,
  "b": 0,
  "c": 1.3747238117909153,
  "p": 217.29956214708344,
  "q": -298.72688237533544,
  "r": 0.0,
  "text": "log(N)\u00b2 = 217.30 * RMSD + -298.73\nRMSD = 4.601942e-03 * log(N)\u00b2 + 1.375"
}
