{
  "a": 0.002657851938806448,
  "b": 0,
  "c": 1.6045329784401523,
  "p": 376.2436821251474,
  "q": -603.6953958995526,
  "r": 0.0,
  "text": "log(N)\u00b2 = 376.24 * RMSD + -603.70\nRMSD = 2.657852e-03 * log(N)\u00b2 + 1.605"
}
