{
  "a": 0.0016222407650953608,
  "b": 0,
  "c": 1.5344924363809418,
  "p": 616.4313100227245,
  "q": -945.9091827782661,
  "r": 0.0,
  "text": "log(N)\u00b2 = 616.43 * RMSD + -945.91\nRMSD = 1.622241e-03 * log(N)\u00b2 + 1.534"
}
