{
  "a": 0.0017246581823390868,
  "b": 0,
  "c": 1.490070893892917,
  "p": 579.825040254492,
  "q": -863.9804160335075,
  "r": 0.0,
  "text": "log(N)\u00b2 = 579.83 * RMSD + -863.98\nRMSD = 1.724658e-03 * log(N)\u00b2 + 1.490"
}
