{
  "a": 0.002446320472451439,
  "b": 0,
  "c": 1.4562203928263813,
  "p": 408.7771864975269,
  "q": -595.2696750998915,
  "r": 0.0,
  "text": "log(N)\u00b2 = 408.78 * RMSD + -595.27\nRMSD = 2.446320e-03 * log(N)\u00b2 + 1.456"
}
