{
  "a": 0.002234093436750418,
  "b": 0,
  "c": 1.0969474486531516,
  "p": 447.60885267831134,
  "q": -491.00338894003806,
  "r": 0.0,
  "text": "log(N)\u00b2 = 447.61 * RMSD + -491.00\nRMSD = 2.234093e-03 * log(N)\u00b2 + 1.097"
}
