{
  "a": 0.002081846741903484,
  "b": 0,
  "c": 1.2233275799459713,
  "p": 480.34275524320066,
  "q": -587.6165403162446,
  "r": 0.0,
  "text": "log(N)\u00b2 = 480.34 * RMSD + -587.62\nRMSD = 2.081847e-03 * log(N)\u00b2 + 1.223"
}
