{
  "a": 0.0019834969156564603,
  "b": 0,
  "c": 1.4735367323318447,
  "p": 504.1600983125496,
  "q": -742.8984238395759,
  "r": 0.0,
  "text": "log(N)\u00b2 = 504.16 * RMSD + -742.90\nRMSD = 1.983497e-03 * log(N)\u00b2 + 1.474"
}
