{
  "a": 0.004655415888799352,
  "b": 0,
  "c": 1.4238863313572907,
  "p": 214.8035801497218,
  "q": -305.85588170179915,
  "r": 0.0,
  "text": "log(N)\u00b2 = 214.80 * RMSD + -305.86\nRMSD = 4.655416e-03 * log(N)\u00b2 + 1.424"
}
