{
  "a": 0.002143763574825026,
  "b": 0,
  "c": 1.1719705629247876,
  "p": 466.46934939251406,
  "q": -546.6883459947042,
  "r": 0.0,
  "text": "log(N)\u00b2 = 466.47 * RMSD + -546.69\nRMSD = 2.143764e-03 * log(N)\u00b2 + 1.172"
}
