{
  "a": 0.004945653472005834,
  "b": 0,
  "c": 1.4395839366692031,
  "p": 202.1977491266538,
  "q": -291.0806316734002,
  "r": 0.0,
  "text": "log(N)\u00b2 = 202.20 * RMSD + -291.08\nRMSD = 4.945653e-03 * log(N)\u00b2 + 1.440"
}
