{
  "a": 0.004920838338403641,
  "b": 0,
  "c": 1.5760341777046822,
  "p": 203.21740549688693,
  "q": -320.2775765675651,
  "r": 0.0,
  "text": "log(N)\u00b2 = 203.22 * RMSD + -320.28\nRMSD = 4.920838e-03 * log(N)\u00b2 + 1.576"
}
