{
  "a": 0.0017630108100539052,
  "b": 0,
  "c": 1.4035815564197232,
  "p": 567.2114965474457,
  "q": -796.1275951432242,
  "r": 0.0,
  "text": "log(N)\u00b2 = 567.21 * RMSD + -796.13\nRMSD = 1.763011e-03 * log(N)\u00b2 + 1.404"
}
