{
  "a": 0.00239212402732541,
  "b": 0,
  "c": 1.502434467173547,
  "p": 418.03852499992723,
  "q": -628.0754885662813,
  "r": 0.0,
  "text": "log(N)\u00b2 = 418.04 * RMSD + -628.08\nRMSD = 2.392124e-03 * log(N)\u00b2 + 1.502"
}
