{
  "a": 0.005770044166376807,
  "b": 0,
  "c": 1.434447151600707,
  "p": 173.30889871297668,
  "q": -248.6024561058848,
  "r": 0.0,
  "text": "log(N)\u00b2 = 173.31 * RMSD + -248.60\nRMSD = 5.770044e-03 * log(N)\u00b2 + 1.434"
}
