{
  "a": 0.005620575712208098,
  "b": 0,
  "c": 1.4207634998079663,
  "p": 177.91771718828787,
  "q": -252.77899855027582,
  "r": 0.0,
  "text": "log(N)\u00b2 = 177.92 * RMSD + -252.78\nRMSD = 5.620576e-03 * log(N)\u00b2 + 1.421"
}
