{
  "a": 0.002638906912546267,
  "b": 0,
  "c": 1.5582957343768378,
  "p": 378.94478022155977,
  "q": -590.5080345836249,
  "r": 0.0,
  "text": "log(N)\u00b2 = 378.94 * RMSD + -590.51\nRMSD = 2.638907e-03 * log(N)\u00b2 + 1.558"
}
