{
  "a": 0.0017464326071199524,
  "b": 0,
  "c": 1.5225289896899568,
  "p": 572.5958138454041,
  "q": -871.7937259547416,
  "r": 0.0,
  "text": "log(N)\u00b2 = 572.60 * RMSD + -871.79\nRMSD = 1.746433e-03 * log(N)\u00b2 + 1.523"
}
