{
  "a": 0.005882566429430716,
  "b": 0,
  "c": 1.2436483556485727,
  "p": 169.99383041336512,
  "q": -211.41254766398387,
  "r": 0.0,
  "text": "log(N)\u00b2 = 169.99 * RMSD + -211.41\nRMSD = 5.882566e-03 * log(N)\u00b2 + 1.244"
}
