{
  "a": 0.0018968969653371638,
  "b": 0,
  "c": 1.431179549549158,
  "p": 527.1767619820379,
  "q": -754.4846007462367,
  "r": 0.0,
  "text": "log(N)\u00b2 = 527.18 * RMSD + -754.48\nRMSD = 1.896897e-03 * log(N)\u00b2 + 1.431"
}
