{
  "a": 0.0018128579209047214,
  "b": 0,
  "c": 1.4778465050568745,
  "p": 551.6152084885626,
  "q": -815.2026080010414,
  "r": 0.0,
  "text": "log(N)\u00b2 = 551.62 * RMSD + -815.20\nRMSD = 1.812858e-03 * log(N)\u00b2 + 1.478"
}
