{
  "a": 0.004531710688075256,
  "b": 0,
  "c": 1.473985145110841,
  "p": 220.66722013640458,
  "q": -325.2602044939642,
  "r": 0.0,
  "text": "log(N)\u00b2 = 220.67 * RMSD + -325.26\nRMSD = 4.531711e-03 * log(N)\u00b2 + 1.474"
}
