{
  "a": 0.004376246659423932,
  "b": 0,
  "c": 1.4079491870157697,
  "p": 228.50631553104347,
  "q": -321.7252811799016,
  "r": 0.0,
  "text": "log(N)\u00b2 = 228.51 * RMSD + -321.73\nRMSD = 4.376247e-03 * log(N)\u00b2 + 1.408"
}
