{
  "a": 0.00262816073181976,
  "b": 0,
  "c": 1.353162641727465,
  "p": 380.49423229438173,
  "q": -514.8705805335293,
  "r": 0.0,
  "text": "log(N)\u00b2 = 380.49 * RMSD + -514.87\nRMSD = 2.628161e-03 * log(N)\u00b2 + 1.353"
}
