{
  "a": 0.00195786050587086,
  "b": 0,
  "c": 1.7230667179023602,
  "p": 510.7616181037362,
  "q": -880.0763449365036,
  "r": 0.0,
  "text": "log(N)\u00b2 = 510.76 * RMSD + -880.08\nRMSD = 1.957861e-03 * log(N)\u00b2 + 1.723"
}
