{
  "a": 0.004922742447669519,
  "b": 0,
  "c": 1.3328808729664456,
  "p": 203.13880131458248,
  "q": -270.75982282953805,
  "r": 0.0,
  "text": "log(N)\u00b2 = 203.14 * RMSD + -270.76\nRMSD = 4.922742e-03 * log(N)\u00b2 + 1.333"
}
