{
  "a": 0.002623704421730508,
  "b": 0,
  "c": 1.5249421677073882,
  "p": 381.14049422550175,
  "q": -581.217211465302,
  "r": 0.0,
  "text": "log(N)\u00b2 = 381.14 * RMSD + -581.22\nRMSD = 2.623704e-03 * log(N)\u00b2 + 1.525"
}
