{
  "a": 0.005782202618990919,
  "b": 0,
  "c": 1.4087206888594332,
  "p": 172.9444756424871,
  "q": -243.63046086151786,
  "r": 0.0,
  "text": "log(N)\u00b2 = 172.94 * RMSD + -243.63\nRMSD = 5.782203e-03 * log(N)\u00b2 + 1.409"
}
